FID;codigo;empreendimento;subeixo;tipo;orgao_responsavel;executor;unidade_federativa;municipio;investimento_previsto;observacao;estagio;data_de_referencia;x;y
upa.fid-4d3f006b_1621040b15b_688f;30635;Ji-Paraná - RO - Ji-Paraná - RO - UPA II;Comunidade Cidadã;UPA;Ministério da Saúde;Município;RO;JI-PARANÁ;--;;Em obras;30 de Junho de 2017;-61.944;-10.882
upa.fid-4d3f006b_1621040b15b_6890;38654;Icó - CE - Icó - CE - UPA I;Comunidade Cidadã;UPA;Ministério da Saúde;Município;CE;ICÓ;--;;Em obras;30 de Junho de 2017;-38.85570661;-6.396668553
upa.fid-4d3f006b_1621040b15b_6891;11709;Araci - BA - Araci - BA - UPA I;Comunidade Cidadã;UPA;Ministério da Saúde;Município;BA;ARACI;--;;Concluído;30 de Junho de 2017;-38.967;-11.333
upa.fid-4d3f006b_1621040b15b_6892;11710;Catu - BA - Catu - BA - UPA I;Comunidade Cidadã;UPA;Ministério da Saúde;Município;BA;CATU;--;;Em obras;30 de Junho de 2017;-38.379;-12.353
upa.fid-4d3f006b_1621040b15b_6893;11711;Dias D'Ávila - BA - Dias D'Ávila - BA - UPA I;Comunidade Cidadã;UPA;Ministério da Saúde;Município;BA;DIAS D'ÁVILA;--;;Concluído;30 de Junho de 2017;-38.297;-12.613
upa.fid-4d3f006b_1621040b15b_6894;11714;Itaberaba - BA - Itaberaba - BA - UPA I;Comunidade Cidadã;UPA;Ministério da Saúde;Município;BA;ITABERABA;--;;Concluído;30 de Junho de 2017;-40.307;-12.528
upa.fid-4d3f006b_1621040b15b_6895;11715;Lauro de Freitas - BA - Lauro de Freitas - BA - UPA I;Comunidade Cidadã;UPA;Ministério da Saúde;Município;BA;LAURO DE FREITAS;--;;Em obras;30 de Junho de 2017;-38.327;-12.894
upa.fid-4d3f006b_1621040b15b_6896;11716;Salvador - BA - Salvador - BA - UPA III;Comunidade Cidadã;UPA;Ministério da Saúde;Município;BA;SALVADOR;--;;Concluído;30 de Junho de 2017;-38.511;-12.971
upa.fid-4d3f006b_1621040b15b_6897;11717;Salvador - BA - Salvador - BA - UPA III;Comunidade Cidadã;UPA;Ministério da Saúde;Município;BA;SALVADOR;--;;Concluído;30 de Junho de 2017;-38.511;-12.971
upa.fid-4d3f006b_1621040b15b_6898;11721;Santo Amaro - BA - Santo Amaro - BA - UPA I;Comunidade Cidadã;UPA;Ministério da Saúde;Município;BA;SANTO AMARO;--;;Em obras;30 de Junho de 2017;-38.712;-12.547
upa.fid-4d3f006b_1621040b15b_6899;11723;Caucaia - CE - Caucaia - CE - UPA II;Comunidade Cidadã;UPA;Ministério da Saúde;Município;CE;CAUCAIA;--;;Em obras;30 de Junho de 2017;-38.656;-3.733
upa.fid-4d3f006b_1621040b15b_689a;11730;Aparecida de Goiânia - GO - Aparecida de Goiânia - GO - UPA III;Comunidade Cidadã;UPA;Ministério da Saúde;Município;GO;APARECIDA DE GOIÂNIA;--;;Concluído;30 de Junho de 2017;-49.245;-16.822
upa.fid-4d3f006b_1621040b15b_689b;11737;Araguari - MG - Araguari - MG - UPA II;Comunidade Cidadã;UPA;Ministério da Saúde;Município;MG;ARAGUARI;--;;Concluído;30 de Junho de 2017;-48.187;-18.649
upa.fid-4d3f006b_1621040b15b_689c;11738;Caratinga - MG - Caratinga - MG - UPA II;Comunidade Cidadã;UPA;Ministério da Saúde;Município;MG;CARATINGA;--;;Concluído;30 de Junho de 2017;-42.139;-19.79
upa.fid-4d3f006b_1621040b15b_689d;11740;Timóteo - MG - Timóteo - MG - UPA II;Comunidade Cidadã;UPA;Ministério da Saúde;Município;MG;TIMÓTEO;--;;Em obras;30 de Junho de 2017;-42.644;-19.583
upa.fid-4d3f006b_1621040b15b_689e;11742;Campo Grande - MS - Campo Grande - MS - UPA III;Comunidade Cidadã;UPA;Ministério da Saúde;Município;MS;CAMPO GRANDE;--;;Concluído;30 de Junho de 2017;-54.646;-20.443
upa.fid-4d3f006b_1621040b15b_689f;11743;Campo Grande - MS - Campo Grande - MS - UPA II;Comunidade Cidadã;UPA;Ministério da Saúde;Município;MS;CAMPO GRANDE;--;;Concluído;30 de Junho de 2017;-54.646;-20.443
upa.fid-4d3f006b_1621040b15b_68a0;11745;Cuiabá - MT - Cuiabá - MT - UPA III;Comunidade Cidadã;UPA;Ministério da Saúde;Município;MT;CUIABÁ;--;;Concluído;30 de Junho de 2017;-56.097;-15.596
upa.fid-4d3f006b_1621040b15b_68a1;11748;Barcarena - PA - Barcarena - PA - UPA I;Comunidade Cidadã;UPA;Ministério da Saúde;Município;PA;BARCARENA;--;;Concluído;30 de Junho de 2017;-48.626;-1.506
upa.fid-4d3f006b_1621040b15b_68a2;11750;Capitão Poço - PA - Capitão Poço - PA - UPA I;Comunidade Cidadã;UPA;Ministério da Saúde;Município;PA;CAPITÃO POÇO;--;;Em obras;30 de Junho de 2017;-47.065;-1.745
upa.fid-4d3f006b_1621040b15b_68a3;11751;Igarapé-Miri - PA - Igarapé-Miri - PA - UPA II;Comunidade Cidadã;UPA;Ministério da Saúde;Município;PA;IGARAPÉ-MIRI;--;;Em obras;30 de Junho de 2017;-48.96;-1.975
upa.fid-4d3f006b_1621040b15b_68a4;11752;Monte Alegre - PA - Monte Alegre - PA - UPA I;Comunidade Cidadã;UPA;Ministério da Saúde;Município;PA;MONTE ALEGRE;--;;Em obras;30 de Junho de 2017;-54.069;-2.008
upa.fid-4d3f006b_1621040b15b_68a5;11753;Novo Repartimento - PA - Novo Repartimento - PA - UPA I;Comunidade Cidadã;UPA;Ministério da Saúde;Município;PA;NOVO REPARTIMENTO;--;;Concluído;30 de Junho de 2017;-49.796;-4.331
upa.fid-4d3f006b_1621040b15b_68a6;11754;Oriximiná - PA - Oriximiná - PA - UPA I;Comunidade Cidadã;UPA;Ministério da Saúde;Município;PA;ORIXIMINÁ;--;;Concluído;30 de Junho de 2017;-55.866;-1.766
upa.fid-4d3f006b_1621040b15b_68a7;11755;São Félix do Xingu - PA - São Félix do Xingu - PA - UPA I;Comunidade Cidadã;UPA;Ministério da Saúde;Município;PA;SÃO FÉLIX DO XINGU;--;;Concluído;30 de Junho de 2017;-51.995;-6.645
upa.fid-4d3f006b_1621040b15b_68a8;11756;Tailândia - PA - Tailândia - PA - UPA I;Comunidade Cidadã;UPA;Ministério da Saúde;Município;PA;TAILÂNDIA;--;;Em obras;30 de Junho de 2017;-48.953;-2.947
upa.fid-4d3f006b_1621040b15b_68a9;11758;Bayeux - PB - Bayeux - PB - UPA I;Comunidade Cidadã;UPA;Ministério da Saúde;Município;PB;BAYEUX;--;;Concluído;30 de Junho de 2017;-34.932;-7.125
upa.fid-4d3f006b_1621040b15b_68aa;11759;Patos - PB - Patos - PB - UPA I;Comunidade Cidadã;UPA;Ministério da Saúde;Município;PB;PATOS;--;;Em obras;30 de Junho de 2017;-37.28;-7.024
upa.fid-4d3f006b_1621040b15b_68ab;11760;Olinda - PE - Olinda - PE - UPA I;Comunidade Cidadã;UPA;Ministério da Saúde;Município;PE;OLINDA;--;;Concluído;30 de Junho de 2017;-34.855;-8.009
upa.fid-4d3f006b_1621040b15b_68ac;11764;Campo Mourão - PR - Campo Mourão - PR - UPA II;Comunidade Cidadã;UPA;Ministério da Saúde;Município;PR;CAMPO MOURÃO;--;;Concluído;30 de Junho de 2017;-52.383;-24.046
upa.fid-4d3f006b_1621040b15b_68ad;11765;Curitiba - PR - Curitiba - PR - UPA III;Comunidade Cidadã;UPA;Ministério da Saúde;Município;PR;CURITIBA;--;;Concluído;30 de Junho de 2017;-49.273;-25.428
upa.fid-4d3f006b_1621040b15b_68ae;11769;Paranaguá - PR - Paranaguá - PR - UPA II;Comunidade Cidadã;UPA;Ministério da Saúde;Município;PR;PARANAGUÁ;--;;Concluído;30 de Junho de 2017;-48.509;-25.52
upa.fid-4d3f006b_1621040b15b_68af;11770;Paranavaí - PR - Paranavaí - PR - UPA II;Comunidade Cidadã;UPA;Ministério da Saúde;Município;PR;PARANAVAÍ;--;;Em obras;30 de Junho de 2017;-52.465;-23.073
upa.fid-4d3f006b_1621040b15b_68b0;11781;Ariquemes - RO - Ariquemes - RO - UPA II;Comunidade Cidadã;UPA;Ministério da Saúde;Município;RO;ARIQUEMES;--;;Em obras;30 de Junho de 2017;-63.041;-9.913
upa.fid-4d3f006b_1621040b15b_68b1;11782;Cacoal - RO - Cacoal - RO - UPA II;Comunidade Cidadã;UPA;Ministério da Saúde;Município;RO;CACOAL;--;;Concluído;30 de Junho de 2017;-61.448;-11.438
upa.fid-4d3f006b_1621040b15b_68b2;11783;Rolim de Moura - RO - Rolim de Moura - RO - UPA II;Comunidade Cidadã;UPA;Ministério da Saúde;Município;RO;ROLIM DE MOURA;--;;Concluído;30 de Junho de 2017;-61.778;-11.733
upa.fid-4d3f006b_1621040b15b_68b3;11784;Camaquã - RS - Camaquã - RS - UPA I;Comunidade Cidadã;UPA;Ministério da Saúde;Município;RS;CAMAQUÃ;--;;Concluído;30 de Junho de 2017;-51.812;-30.851
upa.fid-4d3f006b_1621040b15b_68b4;11788;Gravataí - RS - Gravataí - RS - UPA II;Comunidade Cidadã;UPA;Ministério da Saúde;Município;RS;GRAVATAÍ;--;;Concluído;30 de Junho de 2017;-50.992;-29.944
upa.fid-4d3f006b_1621040b15b_68b5;11790;Novo Hamburgo - RS - Novo Hamburgo - RS - UPA II;Comunidade Cidadã;UPA;Ministério da Saúde;Município;RS;NOVO HAMBURGO;--;;Em obras;30 de Junho de 2017;-51.131;-29.678
upa.fid-4d3f006b_1621040b15b_68b6;11791;Pelotas - RS - Pelotas - RS - UPA I;Comunidade Cidadã;UPA;Ministério da Saúde;Município;RS;PELOTAS;--;;Concluído;30 de Junho de 2017;-52.343;-31.772
upa.fid-4d3f006b_1621040b15b_68b7;11794;Rio Grande - RS - Rio Grande - RS - UPA I;Comunidade Cidadã;UPA;Ministério da Saúde;Município;RS;RIO GRANDE;--;;Em obras;30 de Junho de 2017;-52.099;-32.035
upa.fid-4d3f006b_1621040b15b_68b8;11795;São Leopoldo - RS - São Leopoldo - RS - UPA III;Comunidade Cidadã;UPA;Ministério da Saúde;Município;RS;SÃO LEOPOLDO;--;;Concluído;30 de Junho de 2017;-51.147;-29.76
upa.fid-4d3f006b_1621040b15b_68b9;11796;Brusque - SC - Brusque - SC - UPA II;Comunidade Cidadã;UPA;Ministério da Saúde;Município;SC;BRUSQUE;--;;Em obras;30 de Junho de 2017;-48.918;-27.098
upa.fid-4d3f006b_1621040b15b_68ba;11797;Caçador - SC - Caçador - SC - UPA I;Comunidade Cidadã;UPA;Ministério da Saúde;Município;SC;CAÇADOR;--;;Em obras;30 de Junho de 2017;-51.015;-26.775
upa.fid-4d3f006b_1621040b15b_68bb;11800;Navegantes - SC - Navegantes - SC - UPA I;Comunidade Cidadã;UPA;Ministério da Saúde;Município;SC;NAVEGANTES;--;;Em obras;30 de Junho de 2017;-48.654;-26.899
upa.fid-4d3f006b_1621040b15b_68bc;11801;Nossa Senhora do Socorro - SE - Nossa Senhora do Socorro - SE - UPA II;Comunidade Cidadã;UPA;Ministério da Saúde;Município;SE;NOSSA SENHORA DO SOCORRO;--;;Em obras;30 de Junho de 2017;-37.126;-10.855
upa.fid-4d3f006b_1621040b15b_68bd;11803;Araçatuba - SP - Araçatuba - SP - UPA I;Comunidade Cidadã;UPA;Ministério da Saúde;Município;SP;ARAÇATUBA;--;;Em obras;30 de Junho de 2017;-50.433;-21.209
upa.fid-4d3f006b_1621040b15b_68be;11805;Diadema - SP - Diadema - SP - UPA III;Comunidade Cidadã;UPA;Ministério da Saúde;Município;SP;DIADEMA;--;;Em obras;30 de Junho de 2017;-46.623;-23.686
upa.fid-4d3f006b_1621040b15b_68bf;11806;Embu-Guaçu - SP - Embu-Guaçu - SP - UPA I;Comunidade Cidadã;UPA;Ministério da Saúde;Município;SP;EMBU-GUAÇU;--;;Concluído;30 de Junho de 2017;-46.811;-23.832
upa.fid-4d3f006b_1621040b15b_68c0;11808;Franca - SP - Franca - SP - UPA I;Comunidade Cidadã;UPA;Ministério da Saúde;Município;SP;FRANCA;--;;Concluído;30 de Junho de 2017;-47.401;-20.539
upa.fid-4d3f006b_1621040b15b_68c1;11809;Jandira - SP - Jandira - SP - UPA II;Comunidade Cidadã;UPA;Ministério da Saúde;Município;SP;JANDIRA;--;;Em obras;30 de Junho de 2017;-46.903;-23.528
upa.fid-4d3f006b_1621040b15b_68c2;11810;Lins - SP - Lins - SP - UPA I;Comunidade Cidadã;UPA;Ministério da Saúde;Município;SP;LINS;--;;Em obras;30 de Junho de 2017;-49.743;-21.679
upa.fid-4d3f006b_1621040b15b_68c3;11811;Mococa - SP - Mococa - SP - UPA I;Comunidade Cidadã;UPA;Ministério da Saúde;Município;SP;MOCOCA;--;;Concluído;30 de Junho de 2017;-47.005;-21.468
upa.fid-4d3f006b_1621040b15b_68c4;11812;Osasco - SP - Osasco - SP - UPA III;Comunidade Cidadã;UPA;Ministério da Saúde;Município;SP;OSASCO;--;;Concluído;30 de Junho de 2017;-46.792;-23.533
upa.fid-4d3f006b_1621040b15b_68c5;11813;Sorocaba - SP - Sorocaba - SP - UPA II;Comunidade Cidadã;UPA;Ministério da Saúde;Município;SP;SOROCABA;--;;Concluído;30 de Junho de 2017;-47.458;-23.502
upa.fid-4d3f006b_1621040b15b_68c6;11814;Tatuí - SP - Tatuí - SP - UPA II;Comunidade Cidadã;UPA;Ministério da Saúde;Município;SP;TATUÍ;--;;Em obras;30 de Junho de 2017;-47.857;-23.356
upa.fid-4d3f006b_1621040b15b_68c7;11824;João Pessoa - PB - João Pessoa - PB - UPA II;Comunidade Cidadã;UPA;Ministério da Saúde;Município;PB;JOÃO PESSOA;--;;Concluído;30 de Junho de 2017;-34.863;-7.115
upa.fid-4d3f006b_1621040b15b_68c8;30636;Farroupilha - RS - Farroupilha - RS - UPA I;Comunidade Cidadã;UPA;Ministério da Saúde;Município;RS;FARROUPILHA;--;;Concluído;30 de Junho de 2017;-51.348;-29.225
upa.fid-4d3f006b_1621040b15b_68c9;35654;Jacareí - SP - Jacareí - SP - UPA III;Comunidade Cidadã;UPA;Ministério da Saúde;Município;SP;JACAREÍ;--;;Concluído;30 de Junho de 2017;-45.96626096;-23.29878022
upa.fid-4d3f006b_1621040b15b_68ca;35654;Jacareí - SP - Jacareí - SP - UPA III;Comunidade Cidadã;UPA;Ministério da Saúde;Município;SP;JACAREÍ;--;;Concluído;30 de Junho de 2017;-45.96626096;-23.29878022
upa.fid-4d3f006b_1621040b15b_68cb;38648;Boa Viagem - CE - Boa Viagem - CE - UPA I;Comunidade Cidadã;UPA;Ministério da Saúde;Município;CE;BOA VIAGEM;--;;Concluído;30 de Junho de 2017;-39.73401336;-5.11297003
upa.fid-4d3f006b_1621040b15b_68cc;38648;Boa Viagem - CE - Boa Viagem - CE - UPA I;Comunidade Cidadã;UPA;Ministério da Saúde;Município;CE;BOA VIAGEM;--;;Concluído;30 de Junho de 2017;-39.73401336;-5.11297003
upa.fid-4d3f006b_1621040b15b_68cd;38649;Camocim - CE - Camocim - CE - UPA I;Comunidade Cidadã;UPA;Ministério da Saúde;Município;CE;CAMOCIM;--;;Concluído;30 de Junho de 2017;-40.85473187;-2.900868128
upa.fid-4d3f006b_1621040b15b_68ce;38649;Camocim - CE - Camocim - CE - UPA I;Comunidade Cidadã;UPA;Ministério da Saúde;Município;CE;CAMOCIM;--;;Concluído;30 de Junho de 2017;-40.85473187;-2.900868128
upa.fid-4d3f006b_1621040b15b_68cf;38653;Granja - CE - Granja - CE - UPA I;Comunidade Cidadã;UPA;Ministério da Saúde;Município;CE;GRANJA;--;;Concluído;30 de Junho de 2017;-40.8375748;-3.128249935
upa.fid-4d3f006b_1621040b15b_68d0;38653;Granja - CE - Granja - CE - UPA I;Comunidade Cidadã;UPA;Ministério da Saúde;Município;CE;GRANJA;--;;Concluído;30 de Junho de 2017;-40.8375748;-3.128249935
upa.fid-4d3f006b_1621040b15b_68d1;38646;Acaraú - CE - Acaraú - CE - UPA I;Comunidade Cidadã;UPA;Ministério da Saúde;Município;CE;ACARAÚ;--;;Concluído;30 de Junho de 2017;-40.11866966;-2.888058265
upa.fid-4d3f006b_1621040b15b_68d2;38654;Icó - CE - Icó - CE - UPA I;Comunidade Cidadã;UPA;Ministério da Saúde;Município;CE;ICÓ;--;;Em obras;30 de Junho de 2017;-38.85570661;-6.396668553
upa.fid-4d3f006b_1621040b15b_68d3;38647;Acopiara - CE - Acopiara - CE - UPA I;Comunidade Cidadã;UPA;Ministério da Saúde;Município;CE;ACOPIARA;--;;Em obras;30 de Junho de 2017;-39.44840151;-6.089508778
upa.fid-4d3f006b_1621040b15b_68d4;38647;Acopiara - CE - Acopiara - CE - UPA I;Comunidade Cidadã;UPA;Ministério da Saúde;Município;CE;ACOPIARA;--;;Em obras;30 de Junho de 2017;-39.44840151;-6.089508778
upa.fid-4d3f006b_1621040b15b_68d5;38631;Arapiraca - AL - Arapiraca - AL - UPA II;Comunidade Cidadã;UPA;Ministério da Saúde;Município;AL;ARAPIRACA;--;Valor não divulgado em razão da possibilidade de uso do Regime Diferenciado de Contratação - RDC.;Ação preparatória;30 de Junho de 2017;-36.66180914;-9.755291071
upa.fid-4d3f006b_1621040b15b_68d6;38631;Arapiraca - AL - Arapiraca - AL - UPA II;Comunidade Cidadã;UPA;Ministério da Saúde;Município;AL;ARAPIRACA;--;Valor não divulgado em razão da possibilidade de uso do Regime Diferenciado de Contratação - RDC.;Ação preparatória;30 de Junho de 2017;-36.66180914;-9.755291071
upa.fid-4d3f006b_1621040b15b_68d7;38631;Arapiraca - AL - Arapiraca - AL - UPA II;Comunidade Cidadã;UPA;Ministério da Saúde;Município;AL;ARAPIRACA;--;Valor não divulgado em razão da possibilidade de uso do Regime Diferenciado de Contratação - RDC.;Ação preparatória;30 de Junho de 2017;-36.661;-9.752
upa.fid-4d3f006b_1621040b15b_68d8;38632;São Miguel dos Campos - AL - São Miguel dos Campos - AL - UPA I;Comunidade Cidadã;UPA;Ministério da Saúde;Estado;AL;SÃO MIGUEL DOS CAMPOS;--;;Concluído;30 de Junho de 2017;-36.0974751;-9.78343584
upa.fid-4d3f006b_1621040b15b_68d9;38632;São Miguel dos Campos - AL - São Miguel dos Campos - AL - UPA I;Comunidade Cidadã;UPA;Ministério da Saúde;Estado;AL;SÃO MIGUEL DOS CAMPOS;--;;Concluído;30 de Junho de 2017;-36.0974751;-9.78343584
upa.fid-4d3f006b_1621040b15b_68da;38633;Alagoinhas - BA - Alagoinhas - BA - UPA I;Comunidade Cidadã;UPA;Ministério da Saúde;Município;BA;ALAGOINHAS;--;;Em obras;30 de Junho de 2017;-38.42112858;-12.13396641
upa.fid-4d3f006b_1621040b15b_68db;38633;Alagoinhas - BA - Alagoinhas - BA - UPA I;Comunidade Cidadã;UPA;Ministério da Saúde;Município;BA;ALAGOINHAS;--;;Em obras;30 de Junho de 2017;-38.42112858;-12.13396641
upa.fid-4d3f006b_1621040b15b_68dc;38634;Camaçari - BA - Camaçari - BA - UPA I;Comunidade Cidadã;UPA;Ministério da Saúde;Município;BA;CAMAÇARI;--;;Concluído;30 de Junho de 2017;-38.32662151;-12.7000825
upa.fid-4d3f006b_1621040b15b_68dd;38634;Camaçari - BA - Camaçari - BA - UPA I;Comunidade Cidadã;UPA;Ministério da Saúde;Município;BA;CAMAÇARI;--;;Concluído;30 de Junho de 2017;-38.32662151;-12.7000825
upa.fid-4d3f006b_1621040b15b_68de;38636;Casa Nova - BA - Casa Nova - BA - UPA I;Comunidade Cidadã;UPA;Ministério da Saúde;Município;BA;CASA NOVA;--;;Concluído;30 de Junho de 2017;-40.97435216;-9.164499347
upa.fid-4d3f006b_1621040b15b_68df;38636;Casa Nova - BA - Casa Nova - BA - UPA I;Comunidade Cidadã;UPA;Ministério da Saúde;Município;BA;CASA NOVA;--;;Concluído;30 de Junho de 2017;-40.97435216;-9.164499347
upa.fid-4d3f006b_1621040b15b_68e0;38638;Itabuna - BA - Itabuna - BA - UPA I;Comunidade Cidadã;UPA;Ministério da Saúde;Município;BA;ITABUNA;--;;Concluído;30 de Junho de 2017;-39.27842416;-14.78803026
upa.fid-4d3f006b_1621040b15b_68e1;38638;Itabuna - BA - Itabuna - BA - UPA I;Comunidade Cidadã;UPA;Ministério da Saúde;Município;BA;ITABUNA;--;;Concluído;30 de Junho de 2017;-39.27842416;-14.78803026
upa.fid-4d3f006b_1621040b15b_68e2;38639;Itamaraju - BA - Itamaraju - BA - UPA I;Comunidade Cidadã;UPA;Ministério da Saúde;Município;BA;ITAMARAJU;--;;Concluído;30 de Junho de 2017;-39.53894361;-17.03829124
upa.fid-4d3f006b_1621040b15b_68e3;38639;Itamaraju - BA - Itamaraju - BA - UPA I;Comunidade Cidadã;UPA;Ministério da Saúde;Município;BA;ITAMARAJU;--;;Concluído;30 de Junho de 2017;-39.53894361;-17.03829124
upa.fid-4d3f006b_1621040b15b_68e4;38641;Juazeiro - BA - Juazeiro - BA - UPA I;Comunidade Cidadã;UPA;Ministério da Saúde;Município;BA;JUAZEIRO;--;;Em obras;30 de Junho de 2017;-40.50362242;-9.416635646
upa.fid-4d3f006b_1621040b15b_68e5;38641;Juazeiro - BA - Juazeiro - BA - UPA I;Comunidade Cidadã;UPA;Ministério da Saúde;Município;BA;JUAZEIRO;--;;Em obras;30 de Junho de 2017;-40.50362242;-9.416635646
upa.fid-4d3f006b_1621040b15b_68e6;38642;Paulo Afonso - BA - Paulo Afonso - BA - UPA II;Comunidade Cidadã;UPA;Ministério da Saúde;Município;BA;PAULO AFONSO;--;;Em obras;30 de Junho de 2017;-38.22191163;-9.398716853
upa.fid-4d3f006b_1621040b15b_68e7;38642;Paulo Afonso - BA - Paulo Afonso - BA - UPA II;Comunidade Cidadã;UPA;Ministério da Saúde;Município;BA;PAULO AFONSO;--;;Em obras;30 de Junho de 2017;-38.22191163;-9.398716853
upa.fid-4d3f006b_1621040b15b_68e8;38643;Porto Seguro - BA - Porto Seguro - BA - UPA I;Comunidade Cidadã;UPA;Ministério da Saúde;Município;BA;PORTO SEGURO;--;;Concluído;30 de Junho de 2017;-39.06462022;-16.44394135
upa.fid-4d3f006b_1621040b15b_68e9;38643;Porto Seguro - BA - Porto Seguro - BA - UPA I;Comunidade Cidadã;UPA;Ministério da Saúde;Município;BA;PORTO SEGURO;--;;Concluído;30 de Junho de 2017;-39.06462022;-16.44394135
upa.fid-4d3f006b_1621040b15b_68ea;38645;Vitória da Conquista - BA - Vitória da Conquista - BA - UPA III;Comunidade Cidadã;UPA;Ministério da Saúde;Estado;BA;VITÓRIA DA CONQUISTA;--;;Concluído;30 de Junho de 2017;-40.84454101;-14.86192119
upa.fid-4d3f006b_1621040b15b_68eb;38645;Vitória da Conquista - BA - Vitória da Conquista - BA - UPA III;Comunidade Cidadã;UPA;Ministério da Saúde;Estado;BA;VITÓRIA DA CONQUISTA;--;;Concluído;30 de Junho de 2017;-40.84454101;-14.86192119
upa.fid-4d3f006b_1621040b15b_68ec;38646;Acaraú - CE - Acaraú - CE - UPA I;Comunidade Cidadã;UPA;Ministério da Saúde;Município;CE;ACARAÚ;--;;Concluído;30 de Junho de 2017;-40.11866966;-2.888058265
upa.fid-4d3f006b_1621040b15b_68ed;38655;Maracanaú - CE - Maracanaú - CE - UPA I;Comunidade Cidadã;UPA;Ministério da Saúde;Município;CE;MARACANAÚ;--;;Em obras;30 de Junho de 2017;-38.62625223;-3.867367691
upa.fid-4d3f006b_1621040b15b_68ee;38655;Maracanaú - CE - Maracanaú - CE - UPA I;Comunidade Cidadã;UPA;Ministério da Saúde;Município;CE;MARACANAÚ;--;;Em obras;30 de Junho de 2017;-38.62625223;-3.867367691
upa.fid-4d3f006b_1621040b15b_68ef;38656;Morada Nova - CE - Morada Nova - CE - UPA I;Comunidade Cidadã;UPA;Ministério da Saúde;Município;CE;MORADA NOVA;--;;Concluído;30 de Junho de 2017;-38.3705076;-5.097747665
upa.fid-4d3f006b_1621040b15b_68f0;38656;Morada Nova - CE - Morada Nova - CE - UPA I;Comunidade Cidadã;UPA;Ministério da Saúde;Município;CE;MORADA NOVA;--;;Concluído;30 de Junho de 2017;-38.3705076;-5.097747665
upa.fid-4d3f006b_1621040b15b_68f1;38657;Pacatuba - CE - Pacatuba - CE - UPA I;Comunidade Cidadã;UPA;Ministério da Saúde;Município;CE;PACATUBA;--;;Em obras;30 de Junho de 2017;-38.61864721;-3.978774592
upa.fid-4d3f006b_1621040b15b_68f2;38657;Pacatuba - CE - Pacatuba - CE - UPA I;Comunidade Cidadã;UPA;Ministério da Saúde;Município;CE;PACATUBA;--;;Em obras;30 de Junho de 2017;-38.61864721;-3.978774592
upa.fid-4d3f006b_1621040b15b_68f3;38658;Tianguá - CE - Tianguá - CE - UPA II;Comunidade Cidadã;UPA;Ministério da Saúde;Município;CE;TIANGUÁ;--;;Concluído;30 de Junho de 2017;-40.99265734;-3.730020607
upa.fid-4d3f006b_1621040b15b_68f4;38658;Tianguá - CE - Tianguá - CE - UPA II;Comunidade Cidadã;UPA;Ministério da Saúde;Município;CE;TIANGUÁ;--;;Concluído;30 de Junho de 2017;-40.99265734;-3.730020607
upa.fid-4d3f006b_1621040b15b_68f5;38659;Trairi - CE - Trairi - CE - UPA I;Comunidade Cidadã;UPA;Ministério da Saúde;Município;CE;TRAIRI;--;;Em obras;30 de Junho de 2017;-39.26848254;-3.269695622
upa.fid-4d3f006b_1621040b15b_68f6;38659;Trairi - CE - Trairi - CE - UPA I;Comunidade Cidadã;UPA;Ministério da Saúde;Município;CE;TRAIRI;--;;Em obras;30 de Junho de 2017;-39.26848254;-3.269695622
upa.fid-4d3f006b_1621040b15b_68f7;38661;São Mateus - ES - São Mateus - ES - UPA III;Comunidade Cidadã;UPA;Ministério da Saúde;Município;ES;SÃO MATEUS;--;;Concluído;30 de Junho de 2017;-39.85831602;-18.72188789
upa.fid-4d3f006b_1621040b15b_68f8;38661;São Mateus - ES - São Mateus - ES - UPA III;Comunidade Cidadã;UPA;Ministério da Saúde;Município;ES;SÃO MATEUS;--;;Concluído;30 de Junho de 2017;-39.85831602;-18.72188789
upa.fid-4d3f006b_1621040b15b_68f9;38662;Catalão - GO - Catalão - GO - UPA I;Comunidade Cidadã;UPA;Ministério da Saúde;Município;GO;CATALÃO;--;;Concluído;30 de Junho de 2017;-47.94449106;-18.16609311
upa.fid-4d3f006b_1621040b15b_68fa;38662;Catalão - GO - Catalão - GO - UPA I;Comunidade Cidadã;UPA;Ministério da Saúde;Município;GO;CATALÃO;--;;Concluído;30 de Junho de 2017;-47.94449106;-18.16609311
upa.fid-4d3f006b_1621040b15b_68fb;38664;São Luís de Montes Belos - GO - São Luís de Montes Belos - GO - UPA I;Comunidade Cidadã;UPA;Ministério da Saúde;Município;GO;SÃO LUÍS DE MONTES BELOS;--;;Em obras;30 de Junho de 2017;-50.37309074;-16.52151024
upa.fid-4d3f006b_1621040b15b_68fc;38664;São Luís de Montes Belos - GO - São Luís de Montes Belos - GO - UPA I;Comunidade Cidadã;UPA;Ministério da Saúde;Município;GO;SÃO LUÍS DE MONTES BELOS;--;;Em obras;30 de Junho de 2017;-50.37309074;-16.52151024
upa.fid-4d3f006b_1621040b15b_68fd;38665;Trindade - GO - Trindade - GO - UPA II;Comunidade Cidadã;UPA;Ministério da Saúde;Município;GO;TRINDADE;--;;Concluído;30 de Junho de 2017;-49.49312338;-16.65215685
upa.fid-4d3f006b_1621040b15b_68fe;38665;Trindade - GO - Trindade - GO - UPA II;Comunidade Cidadã;UPA;Ministério da Saúde;Município;GO;TRINDADE;--;;Concluído;30 de Junho de 2017;-49.49312338;-16.65215685
upa.fid-4d3f006b_1621040b15b_68ff;38666;Açailândia - MA - Açailândia - MA - UPA II;Comunidade Cidadã;UPA;Ministério da Saúde;Município;MA;AÇAILÂNDIA;--;;Concluído;30 de Junho de 2017;-47.50080709;-4.947518127
upa.fid-4d3f006b_1621040b15b_6900;38666;Açailândia - MA - Açailândia - MA - UPA II;Comunidade Cidadã;UPA;Ministério da Saúde;Município;MA;AÇAILÂNDIA;--;;Concluído;30 de Junho de 2017;-47.50080709;-4.947518127
upa.fid-4d3f006b_1621040b15b_6901;38667;Barra do Corda - MA - Barra do Corda - MA - UPA II;Comunidade Cidadã;UPA;Ministério da Saúde;Município;MA;BARRA DO CORDA;--;;Concluído;30 de Junho de 2017;-45.24890298;-5.497209464
upa.fid-4d3f006b_1621040b15b_6902;38667;Barra do Corda - MA - Barra do Corda - MA - UPA II;Comunidade Cidadã;UPA;Ministério da Saúde;Município;MA;BARRA DO CORDA;--;;Concluído;30 de Junho de 2017;-45.24890298;-5.497209464
upa.fid-4d3f006b_1621040b15b_6903;38668;Buriticupu - MA - Buriticupu - MA - UPA I;Comunidade Cidadã;UPA;Ministério da Saúde;Município;MA;BURITICUPU;--;;Concluído;30 de Junho de 2017;-46.44129859;-4.324132398
upa.fid-4d3f006b_1621040b15b_6904;38668;Buriticupu - MA - Buriticupu - MA - UPA I;Comunidade Cidadã;UPA;Ministério da Saúde;Município;MA;BURITICUPU;--;;Concluído;30 de Junho de 2017;-46.44129859;-4.324132398
upa.fid-4d3f006b_1621040b15b_6905;38669;Grajaú - MA - Grajaú - MA - UPA II;Comunidade Cidadã;UPA;Ministério da Saúde;Município;MA;GRAJAÚ;--;;Em obras;30 de Junho de 2017;-46.14664725;-5.814058057
upa.fid-4d3f006b_1621040b15b_6906;38669;Grajaú - MA - Grajaú - MA - UPA II;Comunidade Cidadã;UPA;Ministério da Saúde;Município;MA;GRAJAÚ;--;;Em obras;30 de Junho de 2017;-46.14664725;-5.814058057
upa.fid-4d3f006b_1621040b15b_6907;38670;Paço do Lumiar - MA - Paço do Lumiar - MA - UPA II;Comunidade Cidadã;UPA;Ministério da Saúde;Município;MA;PAÇO DO LUMIAR;--;;Em obras;30 de Junho de 2017;-44.1022824;-2.516938115
upa.fid-4d3f006b_1621040b15b_6908;38670;Paço do Lumiar - MA - Paço do Lumiar - MA - UPA II;Comunidade Cidadã;UPA;Ministério da Saúde;Município;MA;PAÇO DO LUMIAR;--;;Em obras;30 de Junho de 2017;-44.1022824;-2.516938115
upa.fid-4d3f006b_1621040b15b_6909;38672;Chapada dos Guimarães - MT - Chapada dos Guimarães - MT - UPA I;Comunidade Cidadã;UPA;Ministério da Saúde;Município;MT;CHAPADA DOS GUIMARÃES;--;;Concluído;30 de Junho de 2017;-55.75035541;-15.46477221
upa.fid-4d3f006b_1621040b15b_690a;38672;Chapada dos Guimarães - MT - Chapada dos Guimarães - MT - UPA I;Comunidade Cidadã;UPA;Ministério da Saúde;Município;MT;CHAPADA DOS GUIMARÃES;--;;Concluído;30 de Junho de 2017;-55.75035541;-15.46477221
upa.fid-4d3f006b_1621040b15b_690b;38674;Peixoto de Azevedo - MT - Peixoto de Azevedo - MT - UPA I;Comunidade Cidadã;UPA;Ministério da Saúde;Município;MT;PEIXOTO DE AZEVEDO;--;;Concluído;30 de Junho de 2017;-54.97985909;-10.22657331
upa.fid-4d3f006b_1621040b15b_690c;38674;Peixoto de Azevedo - MT - Peixoto de Azevedo - MT - UPA I;Comunidade Cidadã;UPA;Ministério da Saúde;Município;MT;PEIXOTO DE AZEVEDO;--;;Concluído;30 de Junho de 2017;-54.97985909;-10.22657331
upa.fid-4d3f006b_1621040b15b_690d;38675;Pontes e Lacerda - MT - Pontes e Lacerda - MT - UPA I;Comunidade Cidadã;UPA;Ministério da Saúde;Município;MT;PONTES E LACERDA;--;;Concluído;30 de Junho de 2017;-59.34406484;-15.22228798
upa.fid-4d3f006b_1621040b15b_690e;38675;Pontes e Lacerda - MT - Pontes e Lacerda - MT - UPA I;Comunidade Cidadã;UPA;Ministério da Saúde;Município;MT;PONTES E LACERDA;--;;Concluído;30 de Junho de 2017;-59.34406484;-15.22228798
upa.fid-4d3f006b_1621040b15b_690f;38676;São Félix do Araguaia - MT - São Félix do Araguaia - MT - UPA I;Comunidade Cidadã;UPA;Ministério da Saúde;Município;MT;SÃO FÉLIX DO ARAGUAIA;--;;Concluído;30 de Junho de 2017;-50.67107916;-11.61538747
upa.fid-4d3f006b_1621040b15b_6910;38676;São Félix do Araguaia - MT - São Félix do Araguaia - MT - UPA I;Comunidade Cidadã;UPA;Ministério da Saúde;Município;MT;SÃO FÉLIX DO ARAGUAIA;--;;Concluído;30 de Junho de 2017;-50.67107916;-11.61538747
upa.fid-4d3f006b_1621040b15b_6911;38683;São Sebastião do Paraíso - MG - São Sebastião do Paraíso - MG - UPA I;Comunidade Cidadã;UPA;Ministério da Saúde;Município;MG;SÃO SEBASTIÃO DO PARAÍSO;--;;Concluído;30 de Junho de 2017;-46.98415092;-20.91721019
upa.fid-4d3f006b_1621040b15b_6912;38683;São Sebastião do Paraíso - MG - São Sebastião do Paraíso - MG - UPA I;Comunidade Cidadã;UPA;Ministério da Saúde;Município;MG;SÃO SEBASTIÃO DO PARAÍSO;--;;Concluído;30 de Junho de 2017;-46.98415092;-20.91721019
upa.fid-4d3f006b_1621040b15b_6913;38685;Alenquer - PA - Alenquer - PA - UPA I;Comunidade Cidadã;UPA;Ministério da Saúde;Município;PA;ALENQUER;--;;Em obras;30 de Junho de 2017;-54.73882916;-1.946586996
upa.fid-4d3f006b_1621040b15b_6914;38685;Alenquer - PA - Alenquer - PA - UPA I;Comunidade Cidadã;UPA;Ministério da Saúde;Município;PA;ALENQUER;--;;Em obras;30 de Junho de 2017;-54.73882916;-1.946586996
upa.fid-4d3f006b_1621040b15b_6915;38686;Altamira - PA - Altamira - PA - UPA II;Comunidade Cidadã;UPA;Ministério da Saúde;Município;PA;ALTAMIRA;--;;Concluído;30 de Junho de 2017;-52.21041847;-3.204431909
upa.fid-4d3f006b_1621040b15b_6916;38686;Altamira - PA - Altamira - PA - UPA II;Comunidade Cidadã;UPA;Ministério da Saúde;Município;PA;ALTAMIRA;--;;Concluído;30 de Junho de 2017;-52.21041847;-3.204431909
upa.fid-4d3f006b_1621040b15b_6917;38687;Moju - PA - Moju - PA - UPA I;Comunidade Cidadã;UPA;Ministério da Saúde;Município;PA;MOJU;--;;Em obras;30 de Junho de 2017;-48.76719725;-1.890285214
upa.fid-4d3f006b_1621040b15b_6918;38687;Moju - PA - Moju - PA - UPA I;Comunidade Cidadã;UPA;Ministério da Saúde;Município;PA;MOJU;--;;Em obras;30 de Junho de 2017;-48.76719725;-1.890285214
upa.fid-4d3f006b_1621040b15b_6919;38688;São Miguel do Guamá - PA - São Miguel do Guamá - PA - UPA I;Comunidade Cidadã;UPA;Ministério da Saúde;Município;PA;SÃO MIGUEL DO GUAMÁ;--;;Em obras;30 de Junho de 2017;-47.47880452;-1.613429523
upa.fid-4d3f006b_1621040b15b_691a;38688;São Miguel do Guamá - PA - São Miguel do Guamá - PA - UPA I;Comunidade Cidadã;UPA;Ministério da Saúde;Município;PA;SÃO MIGUEL DO GUAMÁ;--;;Em obras;30 de Junho de 2017;-47.47880452;-1.613429523
upa.fid-4d3f006b_1621040b15b_691b;38690;Campina Grande - PB - Campina Grande - PB - UPA II;Comunidade Cidadã;UPA;Ministério da Saúde;Município;PB;CAMPINA GRANDE;--;;Em obras;30 de Junho de 2017;-35.87347288;-7.222364135
upa.fid-4d3f006b_1621040b15b_691c;38690;Campina Grande - PB - Campina Grande - PB - UPA II;Comunidade Cidadã;UPA;Ministério da Saúde;Município;PB;CAMPINA GRANDE;--;;Em obras;30 de Junho de 2017;-35.87347288;-7.222364135
upa.fid-4d3f006b_1621040b15b_691d;38691;Cuité - PB - Cuité - PB - UPA I;Comunidade Cidadã;UPA;Ministério da Saúde;Município;PB;CUITÉ;--;;Em obras;30 de Junho de 2017;-36.15178686;-6.476865998
upa.fid-4d3f006b_1621040b15b_691e;38691;Cuité - PB - Cuité - PB - UPA I;Comunidade Cidadã;UPA;Ministério da Saúde;Município;PB;CUITÉ;--;;Em obras;30 de Junho de 2017;-36.15178686;-6.476865998
upa.fid-4d3f006b_1621040b15b_691f;38692;Picuí - PB - Picuí - PB - UPA I;Comunidade Cidadã;UPA;Ministério da Saúde;Município;PB;PICUÍ;--;;Em obras;30 de Junho de 2017;-36.35003666;-6.508851124
upa.fid-4d3f006b_1621040b15b_6920;38692;Picuí - PB - Picuí - PB - UPA I;Comunidade Cidadã;UPA;Ministério da Saúde;Município;PB;PICUÍ;--;;Em obras;30 de Junho de 2017;-36.35003666;-6.508851124
upa.fid-4d3f006b_1621040b15b_6921;38694;Abreu e Lima - PE - Abreu e Lima - PE - UPA I;Comunidade Cidadã;UPA;Ministério da Saúde;Município;PE;ABREU E LIMA;--;;Concluído;30 de Junho de 2017;-34.89870958;-7.901131255
upa.fid-4d3f006b_1621040b15b_6922;38694;Abreu e Lima - PE - Abreu e Lima - PE - UPA I;Comunidade Cidadã;UPA;Ministério da Saúde;Município;PE;ABREU E LIMA;--;;Concluído;30 de Junho de 2017;-34.89870958;-7.901131255
upa.fid-4d3f006b_1621040b15b_6923;38695;Bezerros - PE - Bezerros - PE - UPA I;Comunidade Cidadã;UPA;Ministério da Saúde;Município;PE;BEZERROS;--;;Concluído;30 de Junho de 2017;-35.79632397;-8.233210163
upa.fid-4d3f006b_1621040b15b_6924;38695;Bezerros - PE - Bezerros - PE - UPA I;Comunidade Cidadã;UPA;Ministério da Saúde;Município;PE;BEZERROS;--;;Concluído;30 de Junho de 2017;-35.79632397;-8.233210163
upa.fid-4d3f006b_1621040b15b_6925;38696;Goiana - PE - Goiana - PE - UPA I;Comunidade Cidadã;UPA;Ministério da Saúde;Município;PE;GOIANA;--;;Concluído;30 de Junho de 2017;-34.99623121;-7.561012472
upa.fid-4d3f006b_1621040b15b_6926;38696;Goiana - PE - Goiana - PE - UPA I;Comunidade Cidadã;UPA;Ministério da Saúde;Município;PE;GOIANA;--;;Concluído;30 de Junho de 2017;-34.99623121;-7.561012472
upa.fid-4d3f006b_1621040b15b_6927;38698;Pesqueira - PE - Pesqueira - PE - UPA I;Comunidade Cidadã;UPA;Ministério da Saúde;Município;PE;PESQUEIRA;--;;Em obras;30 de Junho de 2017;-36.69812016;-8.358388382
upa.fid-4d3f006b_1621040b15b_6928;38698;Pesqueira - PE - Pesqueira - PE - UPA I;Comunidade Cidadã;UPA;Ministério da Saúde;Município;PE;PESQUEIRA;--;;Em obras;30 de Junho de 2017;-36.69812016;-8.358388382
upa.fid-4d3f006b_1621040b15b_6929;38699;Petrolina - PE - Petrolina - PE - UPA II;Comunidade Cidadã;UPA;Ministério da Saúde;Município;PE;PETROLINA;--;;Em obras;30 de Junho de 2017;-40.50310239;-9.389080449
upa.fid-4d3f006b_1621040b15b_692a;38699;Petrolina - PE - Petrolina - PE - UPA II;Comunidade Cidadã;UPA;Ministério da Saúde;Município;PE;PETROLINA;--;;Em obras;30 de Junho de 2017;-40.50310239;-9.389080449
upa.fid-4d3f006b_1621040b15b_692b;38700;Santa Cruz do Capibaribe - PE - Santa Cruz do Capibaribe - PE - UPA I;Comunidade Cidadã;UPA;Ministério da Saúde;Município;PE;SANTA CRUZ DO CAPIBARIBE;--;;Concluído;30 de Junho de 2017;-36.20642442;-7.948430604
upa.fid-4d3f006b_1621040b15b_692c;38700;Santa Cruz do Capibaribe - PE - Santa Cruz do Capibaribe - PE - UPA I;Comunidade Cidadã;UPA;Ministério da Saúde;Município;PE;SANTA CRUZ DO CAPIBARIBE;--;;Concluído;30 de Junho de 2017;-36.20642442;-7.948430604
upa.fid-4d3f006b_1621040b15b_692d;38701;Vitória de Santo Antão - PE - Vitória de Santo Antão - PE - UPA II;Comunidade Cidadã;UPA;Ministério da Saúde;Município;PE;VITÓRIA DE SANTO ANTÃO;--;;Em obras;30 de Junho de 2017;-35.29794438;-8.128604744
upa.fid-4d3f006b_1621040b15b_692e;38701;Vitória de Santo Antão - PE - Vitória de Santo Antão - PE - UPA II;Comunidade Cidadã;UPA;Ministério da Saúde;Município;PE;VITÓRIA DE SANTO ANTÃO;--;;Em obras;30 de Junho de 2017;-35.29794438;-8.128604744
upa.fid-4d3f006b_1621040b15b_692f;38702;Parnaíba - PI - Parnaíba - PI - UPA III;Comunidade Cidadã;UPA;Ministério da Saúde;Município;PI;PARNAÍBA;--;;Em obras;30 de Junho de 2017;-41.77576556;-2.906215864
upa.fid-4d3f006b_1621040b15b_6930;38702;Parnaíba - PI - Parnaíba - PI - UPA III;Comunidade Cidadã;UPA;Ministério da Saúde;Município;PI;PARNAÍBA;--;;Em obras;30 de Junho de 2017;-41.77576556;-2.906215864
upa.fid-4d3f006b_1621040b15b_6931;38703;Picos - PI - Picos - PI - UPA III;Comunidade Cidadã;UPA;Ministério da Saúde;Município;PI;PICOS;--;;Em obras;30 de Junho de 2017;-41.46738037;-7.077613738
upa.fid-4d3f006b_1621040b15b_6932;38703;Picos - PI - Picos - PI - UPA III;Comunidade Cidadã;UPA;Ministério da Saúde;Município;PI;PICOS;--;;Em obras;30 de Junho de 2017;-41.46738037;-7.077613738
upa.fid-4d3f006b_1621040b15b_6933;38704;Cianorte - PR - Cianorte - PR - UPA II;Comunidade Cidadã;UPA;Ministério da Saúde;Município;PR;CIANORTE;--;;Concluído;30 de Junho de 2017;-52.6059454;-23.66033051
upa.fid-4d3f006b_1621040b15b_6934;38704;Cianorte - PR - Cianorte - PR - UPA II;Comunidade Cidadã;UPA;Ministério da Saúde;Município;PR;CIANORTE;--;;Concluído;30 de Junho de 2017;-52.6059454;-23.66033051
upa.fid-4d3f006b_1621040b15b_6935;38710;Japeri - RJ - Japeri - RJ - UPA II;Comunidade Cidadã;UPA;Ministério da Saúde;Município;RJ;JAPERI;--;;Em obras;30 de Junho de 2017;-43.66065304;-22.64399543
upa.fid-4d3f006b_1621040b15b_6936;38710;Japeri - RJ - Japeri - RJ - UPA II;Comunidade Cidadã;UPA;Ministério da Saúde;Município;RJ;JAPERI;--;;Em obras;30 de Junho de 2017;-43.66065304;-22.64399543
upa.fid-4d3f006b_1621040b15b_6937;38713;Rio das Ostras - RJ - Rio das Ostras - RJ - UPA II;Comunidade Cidadã;UPA;Ministério da Saúde;Município;RJ;RIO DAS OSTRAS;--;;Concluído;30 de Junho de 2017;-41.94791853;-22.51787524
upa.fid-4d3f006b_1621040b15b_6938;38713;Rio das Ostras - RJ - Rio das Ostras - RJ - UPA II;Comunidade Cidadã;UPA;Ministério da Saúde;Município;RJ;RIO DAS OSTRAS;--;;Concluído;30 de Junho de 2017;-41.94791853;-22.51787524
upa.fid-4d3f006b_1621040b15b_6939;38714;São Gonçalo - RJ - São Gonçalo - RJ - UPA II;Comunidade Cidadã;UPA;Ministério da Saúde;Município;RJ;SÃO GONÇALO;--;;Concluído;30 de Junho de 2017;-43.06377137;-22.82728592
upa.fid-4d3f006b_1621040b15b_693a;38714;São Gonçalo - RJ - São Gonçalo - RJ - UPA II;Comunidade Cidadã;UPA;Ministério da Saúde;Município;RJ;SÃO GONÇALO;--;;Concluído;30 de Junho de 2017;-43.06377137;-22.82728592
upa.fid-4d3f006b_1621040b15b_693b;38715;São Gonçalo - RJ - São Gonçalo - RJ - UPA II;Comunidade Cidadã;UPA;Ministério da Saúde;Município;RJ;SÃO GONÇALO;--;;Concluído;30 de Junho de 2017;-43.06377137;-22.82728592
upa.fid-4d3f006b_1621040b15b_693c;38715;São Gonçalo - RJ - São Gonçalo - RJ - UPA II;Comunidade Cidadã;UPA;Ministério da Saúde;Município;RJ;SÃO GONÇALO;--;;Concluído;30 de Junho de 2017;-43.06377137;-22.82728592
upa.fid-4d3f006b_1621040b15b_693d;38717;Açu - RN - Açu - RN - UPA I;Comunidade Cidadã;UPA;Ministério da Saúde;Município;RN;AÇU;--;;Em obras;30 de Junho de 2017;-36.90787503;-5.56541622
upa.fid-4d3f006b_1621040b15b_693e;38717;Açu - RN - Açu - RN - UPA I;Comunidade Cidadã;UPA;Ministério da Saúde;Município;RN;AÇU;--;;Em obras;30 de Junho de 2017;-36.90787503;-5.56541622
upa.fid-4d3f006b_1621040b15b_693f;38718;Caicó - RN - Caicó - RN - UPA II;Comunidade Cidadã;UPA;Ministério da Saúde;Município;RN;CAICÓ;--;;Em obras;30 de Junho de 2017;-37.10706235;-6.454814194
upa.fid-4d3f006b_1621040b15b_6940;38718;Caicó - RN - Caicó - RN - UPA II;Comunidade Cidadã;UPA;Ministério da Saúde;Município;RN;CAICÓ;--;;Em obras;30 de Junho de 2017;-37.10706235;-6.454814194
upa.fid-4d3f006b_1621040b15b_6941;38722;Parobé - RS - Parobé - RS - UPA I;Comunidade Cidadã;UPA;Ministério da Saúde;Município;RS;PAROBÉ;--;;Em obras;30 de Junho de 2017;-50.83169385;-29.62475524
upa.fid-4d3f006b_1621040b15b_6942;38722;Parobé - RS - Parobé - RS - UPA I;Comunidade Cidadã;UPA;Ministério da Saúde;Município;RS;PAROBÉ;--;;Em obras;30 de Junho de 2017;-50.83169385;-29.62475524
upa.fid-4d3f006b_1621040b15b_6943;38724;Sapucaia do Sul - RS - Sapucaia do Sul - RS - UPA II;Comunidade Cidadã;UPA;Ministério da Saúde;Município;RS;SAPUCAIA DO SUL;--;;Concluído;30 de Junho de 2017;-51.14549246;-29.82807263
upa.fid-4d3f006b_1621040b15b_6944;38724;Sapucaia do Sul - RS - Sapucaia do Sul - RS - UPA II;Comunidade Cidadã;UPA;Ministério da Saúde;Município;RS;SAPUCAIA DO SUL;--;;Concluído;30 de Junho de 2017;-51.14549246;-29.82807263
upa.fid-4d3f006b_1621040b15b_6945;38725;Viamão - RS - Viamão - RS - UPA III;Comunidade Cidadã;UPA;Ministério da Saúde;Município;RS;VIAMÃO;--;;Concluído;30 de Junho de 2017;-51.01995275;-30.08239789
upa.fid-4d3f006b_1621040b15b_6946;38725;Viamão - RS - Viamão - RS - UPA III;Comunidade Cidadã;UPA;Ministério da Saúde;Município;RS;VIAMÃO;--;;Concluído;30 de Junho de 2017;-51.01995275;-30.08239789
upa.fid-4d3f006b_1621040b15b_6947;38726;Balneário Camboriú - SC - Balneário Camboriú - SC - UPA I;Comunidade Cidadã;UPA;Ministério da Saúde;Município;SC;BALNEÁRIO CAMBORIÚ;--;;Concluído;30 de Junho de 2017;-48.6356354;-26.99309127
upa.fid-4d3f006b_1621040b15b_6948;38726;Balneário Camboriú - SC - Balneário Camboriú - SC - UPA I;Comunidade Cidadã;UPA;Ministério da Saúde;Município;SC;BALNEÁRIO CAMBORIÚ;--;;Concluído;30 de Junho de 2017;-48.6356354;-26.99309127
upa.fid-4d3f006b_1621040b15b_6949;38727;Concórdia - SC - Concórdia - SC - UPA I;Comunidade Cidadã;UPA;Ministério da Saúde;Município;SC;CONCÓRDIA;--;;Concluído;30 de Junho de 2017;-52.02647391;-27.2339471
upa.fid-4d3f006b_1621040b15b_694a;38727;Concórdia - SC - Concórdia - SC - UPA I;Comunidade Cidadã;UPA;Ministério da Saúde;Município;SC;CONCÓRDIA;--;;Concluído;30 de Junho de 2017;-52.02647391;-27.2339471
upa.fid-4d3f006b_1621040b15b_694b;38728;Fraiburgo - SC - Fraiburgo - SC - UPA I;Comunidade Cidadã;UPA;Ministério da Saúde;Município;SC;FRAIBURGO;--;;Concluído;30 de Junho de 2017;-50.9204802;-27.02377738
upa.fid-4d3f006b_1621040b15b_694c;38728;Fraiburgo - SC - Fraiburgo - SC - UPA I;Comunidade Cidadã;UPA;Ministério da Saúde;Município;SC;FRAIBURGO;--;;Concluído;30 de Junho de 2017;-50.9204802;-27.02377738
upa.fid-4d3f006b_1621040b15b_694d;38731;Palhoça - SC - Palhoça - SC - UPA I;Comunidade Cidadã;UPA;Ministério da Saúde;Município;SC;PALHOÇA;--;;Em obras;30 de Junho de 2017;-48.67014753;-27.64601756
upa.fid-4d3f006b_1621040b15b_694e;38731;Palhoça - SC - Palhoça - SC - UPA I;Comunidade Cidadã;UPA;Ministério da Saúde;Município;SC;PALHOÇA;--;;Em obras;30 de Junho de 2017;-48.67014753;-27.64601756
upa.fid-4d3f006b_1621040b15b_694f;38734;Agudos - SP - Agudos - SP - UPA I;Comunidade Cidadã;UPA;Ministério da Saúde;Município;SP;AGUDOS;--;;Concluído;30 de Junho de 2017;-48.98678904;-22.4699108
upa.fid-4d3f006b_1621040b15b_6950;38734;Agudos - SP - Agudos - SP - UPA I;Comunidade Cidadã;UPA;Ministério da Saúde;Município;SP;AGUDOS;--;;Concluído;30 de Junho de 2017;-48.98678904;-22.4699108
upa.fid-4d3f006b_1621040b15b_6951;38736;Bertioga - SP - Bertioga - SP - UPA I;Comunidade Cidadã;UPA;Ministério da Saúde;Município;SP;BERTIOGA;--;;Concluído;30 de Junho de 2017;-46.1400363;-23.84906022
upa.fid-4d3f006b_1621040b15b_6952;38736;Bertioga - SP - Bertioga - SP - UPA I;Comunidade Cidadã;UPA;Ministério da Saúde;Município;SP;BERTIOGA;--;;Concluído;30 de Junho de 2017;-46.1400363;-23.84906022
upa.fid-4d3f006b_1621040b15b_6953;38737;Dracena - SP - Dracena - SP - UPA II;Comunidade Cidadã;UPA;Ministério da Saúde;Município;SP;DRACENA;--;;Concluído;30 de Junho de 2017;-51.53551957;-21.48477717
upa.fid-4d3f006b_1621040b15b_6954;38737;Dracena - SP - Dracena - SP - UPA II;Comunidade Cidadã;UPA;Ministério da Saúde;Município;SP;DRACENA;--;;Concluído;30 de Junho de 2017;-51.53551957;-21.48477717
upa.fid-4d3f006b_1621040b15b_6955;38738;Ferraz de Vasconcelos - SP - Ferraz de Vasconcelos - SP - UPA II;Comunidade Cidadã;UPA;Ministério da Saúde;Município;SP;FERRAZ DE VASCONCELOS;--;;Em obras;30 de Junho de 2017;-46.3714212;-23.54154616
upa.fid-4d3f006b_1621040b15b_6956;38738;Ferraz de Vasconcelos - SP - Ferraz de Vasconcelos - SP - UPA II;Comunidade Cidadã;UPA;Ministério da Saúde;Município;SP;FERRAZ DE VASCONCELOS;--;;Em obras;30 de Junho de 2017;-46.3714212;-23.54154616
upa.fid-4d3f006b_1621040b15b_6957;38739;Guarulhos - SP - Guarulhos - SP - UPA III;Comunidade Cidadã;UPA;Ministério da Saúde;Município;SP;GUARULHOS;--;;Em obras;30 de Junho de 2017;-46.53379927;-23.4542473
upa.fid-4d3f006b_1621040b15b_6958;38739;Guarulhos - SP - Guarulhos - SP - UPA III;Comunidade Cidadã;UPA;Ministério da Saúde;Município;SP;GUARULHOS;--;;Em obras;30 de Junho de 2017;-46.53379927;-23.4542473
upa.fid-4d3f006b_1621040b15b_6959;38740;Itapevi - SP - Itapevi - SP - UPA III;Comunidade Cidadã;UPA;Ministério da Saúde;Município;SP;ITAPEVI;--;;Concluído;30 de Junho de 2017;-46.93320294;-23.54926256
upa.fid-4d3f006b_1621040b15b_695a;38740;Itapevi - SP - Itapevi - SP - UPA III;Comunidade Cidadã;UPA;Ministério da Saúde;Município;SP;ITAPEVI;--;;Concluído;30 de Junho de 2017;-46.93320294;-23.54926256
upa.fid-4d3f006b_1621040b15b_695b;38743;Poá - SP - Poá - SP - UPA II;Comunidade Cidadã;UPA;Ministério da Saúde;Município;SP;POÁ;--;;Em obras;30 de Junho de 2017;-46.34774298;-23.5337752
upa.fid-4d3f006b_1621040b15b_695c;38743;Poá - SP - Poá - SP - UPA II;Comunidade Cidadã;UPA;Ministério da Saúde;Município;SP;POÁ;--;;Em obras;30 de Junho de 2017;-46.34774298;-23.5337752
upa.fid-4d3f006b_1621040b15b_695d;38745;Presidente Epitácio - SP - Presidente Epitácio - SP - UPA I;Comunidade Cidadã;UPA;Ministério da Saúde;Município;SP;PRESIDENTE EPITÁCIO;--;;Em obras;30 de Junho de 2017;-52.11163086;-21.76553964
upa.fid-4d3f006b_1621040b15b_695e;38745;Presidente Epitácio - SP - Presidente Epitácio - SP - UPA I;Comunidade Cidadã;UPA;Ministério da Saúde;Município;SP;PRESIDENTE EPITÁCIO;--;;Em obras;30 de Junho de 2017;-52.11163086;-21.76553964
upa.fid-4d3f006b_1621040b15b_695f;38746;Presidente Prudente - SP - Presidente Prudente - SP - UPA II;Comunidade Cidadã;UPA;Ministério da Saúde;Município;SP;PRESIDENTE PRUDENTE;--;;Concluído;30 de Junho de 2017;-51.39301264;-22.12112323
upa.fid-4d3f006b_1621040b15b_6960;38746;Presidente Prudente - SP - Presidente Prudente - SP - UPA II;Comunidade Cidadã;UPA;Ministério da Saúde;Município;SP;PRESIDENTE PRUDENTE;--;;Concluído;30 de Junho de 2017;-51.39301264;-22.12112323
upa.fid-4d3f006b_1621040b15b_6961;38747;São Joaquim da Barra - SP - São Joaquim da Barra - SP - UPA I;Comunidade Cidadã;UPA;Ministério da Saúde;Município;SP;SÃO JOAQUIM DA BARRA;--;;Concluído;30 de Junho de 2017;-47.85977003;-20.58163027
upa.fid-4d3f006b_1621040b15b_6962;38747;São Joaquim da Barra - SP - São Joaquim da Barra - SP - UPA I;Comunidade Cidadã;UPA;Ministério da Saúde;Município;SP;SÃO JOAQUIM DA BARRA;--;;Concluído;30 de Junho de 2017;-47.85977003;-20.58163027
upa.fid-4d3f006b_1621040b15b_6963;38754;Santana do Ipanema - AL - Santana do Ipanema - AL - Ampliação - UPA;Comunidade Cidadã;UPA;Ministério da Saúde;Município;AL;SANTANA DO IPANEMA;--;;Em obras;30 de Junho de 2017;-37.248361;-9.370410596
upa.fid-4d3f006b_1621040b15b_6964;38754;Santana do Ipanema - AL - Santana do Ipanema - AL - Ampliação - UPA;Comunidade Cidadã;UPA;Ministério da Saúde;Município;AL;SANTANA DO IPANEMA;--;;Em obras;30 de Junho de 2017;-37.248361;-9.370410596
upa.fid-4d3f006b_1621040b15b_6965;38756;Limoeiro do Norte - CE - Limoeiro do Norte - CE - UPA I;Comunidade Cidadã;UPA;Ministério da Saúde;Município;CE;LIMOEIRO DO NORTE;--;;Em obras;30 de Junho de 2017;-38.08504014;-5.144309191
upa.fid-4d3f006b_1621040b15b_6966;38756;Limoeiro do Norte - CE - Limoeiro do Norte - CE - UPA I;Comunidade Cidadã;UPA;Ministério da Saúde;Município;CE;LIMOEIRO DO NORTE;--;;Em obras;30 de Junho de 2017;-38.08504014;-5.144309191
upa.fid-4d3f006b_1621040b15b_6967;38759;Goiânia - GO - Goiânia - GO - Ampliação - UPA;Comunidade Cidadã;UPA;Ministério da Saúde;Município;GO;GOIÂNIA;--;;Em obras;30 de Junho de 2017;-49.254;-16.679
upa.fid-4d3f006b_1621040b15b_6968;38759;Goiânia - GO - Goiânia - GO - Ampliação - UPA;Comunidade Cidadã;UPA;Ministério da Saúde;Município;GO;GOIÂNIA;--;;Em obras;30 de Junho de 2017;-49.254;-16.679
upa.fid-4d3f006b_1621040b15b_6969;38760;Goiânia - GO - Goiânia - GO - Ampliação - UPA;Comunidade Cidadã;UPA;Ministério da Saúde;Município;GO;GOIÂNIA;--;;Em obras;30 de Junho de 2017;-49.254;-16.679
upa.fid-4d3f006b_1621040b15b_696a;38760;Goiânia - GO - Goiânia - GO - Ampliação - UPA;Comunidade Cidadã;UPA;Ministério da Saúde;Município;GO;GOIÂNIA;--;;Em obras;30 de Junho de 2017;-49.254;-16.679
upa.fid-4d3f006b_1621040b15b_696b;38761;Goiânia - GO - Goiânia - GO - Ampliação - UPA;Comunidade Cidadã;UPA;Ministério da Saúde;Município;GO;GOIÂNIA;--;;Em obras;30 de Junho de 2017;-49.254;-16.679
upa.fid-4d3f006b_1621040b15b_696c;38761;Goiânia - GO - Goiânia - GO - Ampliação - UPA;Comunidade Cidadã;UPA;Ministério da Saúde;Município;GO;GOIÂNIA;--;;Em obras;30 de Junho de 2017;-49.254;-16.679
upa.fid-4d3f006b_1621040b15b_696d;38763;Goiânia - GO - Goiânia - GO - Ampliação - UPA;Comunidade Cidadã;UPA;Ministério da Saúde;Município;GO;GOIÂNIA;--;;Em obras;30 de Junho de 2017;-49.254;-16.679
upa.fid-4d3f006b_1621040b15b_696e;38763;Goiânia - GO - Goiânia - GO - Ampliação - UPA;Comunidade Cidadã;UPA;Ministério da Saúde;Município;GO;GOIÂNIA;--;;Em obras;30 de Junho de 2017;-49.254;-16.679
upa.fid-4d3f006b_1621040b15b_696f;38764;Goiânia - GO - Goiânia - GO - Ampliação - UPA;Comunidade Cidadã;UPA;Ministério da Saúde;Município;GO;GOIÂNIA;--;;Em obras;30 de Junho de 2017;-49.254;-16.679
upa.fid-4d3f006b_1621040b15b_6970;38764;Goiânia - GO - Goiânia - GO - Ampliação - UPA;Comunidade Cidadã;UPA;Ministério da Saúde;Município;GO;GOIÂNIA;--;;Em obras;30 de Junho de 2017;-49.254;-16.679
upa.fid-4d3f006b_1621040b15b_6971;38765;Confresa - MT - Confresa - MT - UPA I;Comunidade Cidadã;UPA;Ministério da Saúde;Município;MT;CONFRESA;--;;Em obras;30 de Junho de 2017;-51.57033315;-10.64410761
upa.fid-4d3f006b_1621040b15b_6972;38765;Confresa - MT - Confresa - MT - UPA I;Comunidade Cidadã;UPA;Ministério da Saúde;Município;MT;CONFRESA;--;;Em obras;30 de Junho de 2017;-51.57033315;-10.64410761
upa.fid-4d3f006b_1621040b15b_6973;38766;Tangará da Serra - MT - Tangará da Serra - MT - Ampliação - UPA;Comunidade Cidadã;UPA;Ministério da Saúde;Município;MT;TANGARÁ DA SERRA;--;;Concluído;30 de Junho de 2017;-57.49378584;-14.62333167
upa.fid-4d3f006b_1621040b15b_6974;38766;Tangará da Serra - MT - Tangará da Serra - MT - Ampliação - UPA;Comunidade Cidadã;UPA;Ministério da Saúde;Município;MT;TANGARÁ DA SERRA;--;;Concluído;30 de Junho de 2017;-57.49378584;-14.62333167
upa.fid-4d3f006b_1621040b15b_6975;38767;Francisco Sá - MG - Francisco Sá - MG - Ampliação - UPA;Comunidade Cidadã;UPA;Ministério da Saúde;Município;MG;FRANCISCO SÁ;--;;Concluído;30 de Junho de 2017;-43.49002275;-16.48318938
upa.fid-4d3f006b_1621040b15b_6976;38767;Francisco Sá - MG - Francisco Sá - MG - Ampliação - UPA;Comunidade Cidadã;UPA;Ministério da Saúde;Município;MG;FRANCISCO SÁ;--;;Concluído;30 de Junho de 2017;-43.49002275;-16.48318938
upa.fid-4d3f006b_1621040b15b_6977;38771;Santana do Araguaia - PA - Santana do Araguaia - PA - UPA I;Comunidade Cidadã;UPA;Ministério da Saúde;Município;PA;SANTANA DO ARAGUAIA;--;;Em obras;30 de Junho de 2017;-50.3504855;-9.32850563
upa.fid-4d3f006b_1621040b15b_6978;38771;Santana do Araguaia - PA - Santana do Araguaia - PA - UPA I;Comunidade Cidadã;UPA;Ministério da Saúde;Município;PA;SANTANA DO ARAGUAIA;--;;Em obras;30 de Junho de 2017;-50.3504855;-9.32850563
upa.fid-4d3f006b_1621040b15b_6979;38772;Teresina - PI - Teresina - PI - Ampliação - UPA;Comunidade Cidadã;UPA;Ministério da Saúde;Município;PI;TERESINA;--;;Concluído;30 de Junho de 2017;-42.802;-5.089
upa.fid-4d3f006b_1621040b15b_697a;38772;Teresina - PI - Teresina - PI - Ampliação - UPA;Comunidade Cidadã;UPA;Ministério da Saúde;Município;PI;TERESINA;--;;Concluído;30 de Junho de 2017;-42.802;-5.089
upa.fid-4d3f006b_1621040b15b_697b;38773;Teresina - PI - Teresina - PI - Ampliação - UPA;Comunidade Cidadã;UPA;Ministério da Saúde;Município;PI;TERESINA;--;;Em obras;30 de Junho de 2017;-42.802;-5.089
upa.fid-4d3f006b_1621040b15b_697c;38773;Teresina - PI - Teresina - PI - Ampliação - UPA;Comunidade Cidadã;UPA;Ministério da Saúde;Município;PI;TERESINA;--;;Em obras;30 de Junho de 2017;-42.802;-5.089
upa.fid-4d3f006b_1621040b15b_697d;38774;Realeza - PR - Realeza - PR - Ampliação - UPA;Comunidade Cidadã;UPA;Ministério da Saúde;Município;PR;REALEZA;--;;Concluído;30 de Junho de 2017;-53.52654691;-25.77156885
upa.fid-4d3f006b_1621040b15b_697e;38774;Realeza - PR - Realeza - PR - Ampliação - UPA;Comunidade Cidadã;UPA;Ministério da Saúde;Município;PR;REALEZA;--;;Concluído;30 de Junho de 2017;-53.52654691;-25.77156885
upa.fid-4d3f006b_1621040b15b_697f;38775;Taquara - RS - Taquara - RS - UPA II;Comunidade Cidadã;UPA;Ministério da Saúde;Município;RS;TAQUARA;--;;Em obras;30 de Junho de 2017;-50.77579152;-29.65096953
upa.fid-4d3f006b_1621040b15b_6980;38775;Taquara - RS - Taquara - RS - UPA II;Comunidade Cidadã;UPA;Ministério da Saúde;Município;RS;TAQUARA;--;;Em obras;30 de Junho de 2017;-50.77579152;-29.65096953
upa.fid-4d3f006b_1621040b15b_6981;38778;Itapecerica da Serra - SP - Itapecerica da Serra - SP - Ampliação - UPA;Comunidade Cidadã;UPA;Ministério da Saúde;Município;SP;ITAPECERICA DA SERRA;--;;Concluído;30 de Junho de 2017;-46.85764889;-23.71662453
upa.fid-4d3f006b_1621040b15b_6982;38778;Itapecerica da Serra - SP - Itapecerica da Serra - SP - Ampliação - UPA;Comunidade Cidadã;UPA;Ministério da Saúde;Município;SP;ITAPECERICA DA SERRA;--;;Concluído;30 de Junho de 2017;-46.85764889;-23.71662453
upa.fid-4d3f006b_1621040b15b_6983;38779;Rio Claro - SP - Rio Claro - SP - Ampliação - UPA;Comunidade Cidadã;UPA;Ministério da Saúde;Município;SP;RIO CLARO;--;;Concluído;30 de Junho de 2017;-47.55508922;-22.39885959
upa.fid-4d3f006b_1621040b15b_6984;38779;Rio Claro - SP - Rio Claro - SP - Ampliação - UPA;Comunidade Cidadã;UPA;Ministério da Saúde;Município;SP;RIO CLARO;--;;Concluído;30 de Junho de 2017;-47.55508922;-22.39885959
upa.fid-4d3f006b_1621040b15b_6985;38781;São Vicente - SP - São Vicente - SP - Ampliação - UPA;Comunidade Cidadã;UPA;Ministério da Saúde;Município;SP;SÃO VICENTE;--;;Em obras;30 de Junho de 2017;-46.38878579;-23.95784498
upa.fid-4d3f006b_1621040b15b_6986;38781;São Vicente - SP - São Vicente - SP - Ampliação - UPA;Comunidade Cidadã;UPA;Ministério da Saúde;Município;SP;SÃO VICENTE;--;;Em obras;30 de Junho de 2017;-46.38878579;-23.95784498
upa.fid-4d3f006b_1621040b15b_6987;38783;Teodoro Sampaio - SP - Teodoro Sampaio - SP - UPA I;Comunidade Cidadã;UPA;Ministério da Saúde;Município;SP;TEODORO SAMPAIO;--;;Em obras;30 de Junho de 2017;-52.16866894;-22.53040454
upa.fid-4d3f006b_1621040b15b_6988;38783;Teodoro Sampaio - SP - Teodoro Sampaio - SP - UPA I;Comunidade Cidadã;UPA;Ministério da Saúde;Município;SP;TEODORO SAMPAIO;--;;Em obras;30 de Junho de 2017;-52.16866894;-22.53040454
upa.fid-4d3f006b_1621040b15b_6989;44705;Moreno - PE - Moreno - PE - UPA I;Comunidade Cidadã;UPA;Ministério da Saúde;Município;PE;MORENO;--;;Em obras;30 de Junho de 2017;-35.08386242;-8.109119761
upa.fid-4d3f006b_1621040b15b_698a;44706;Sapiranga - RS - Sapiranga - RS - UPA I;Comunidade Cidadã;UPA;Ministério da Saúde;Município;RS;SAPIRANGA;--;;Concluído;30 de Junho de 2017;-51.00696134;-29.63538259
upa.fid-4d3f006b_1621040b15b_698b;62637;Conceição do Coité - BA - Conceição do Coité - BA - UPA I;Comunidade Cidadã;UPA;Ministério da Saúde;Município;BA;CONCEIÇÃO DO COITÉ;--;;Concluído;30 de Junho de 2017;-39.283;-11.564
upa.fid-4d3f006b_1621040b15b_698c;62638;Euclides da Cunha - BA - Euclides da Cunha - BA - UPA I;Comunidade Cidadã;UPA;Ministério da Saúde;Município;BA;EUCLIDES DA CUNHA;--;;Em obras;30 de Junho de 2017;-39.014;-10.508
upa.fid-4d3f006b_1621040b15b_698d;62640;Ipiaú - BA - Ipiaú - BA - UPA I;Comunidade Cidadã;UPA;Ministério da Saúde;Município;BA;IPIAÚ;--;;Em obras;30 de Junho de 2017;-39.734;-14.137
upa.fid-4d3f006b_1621040b15b_698e;62641;Itabuna - BA - Itabuna - BA - UPA II;Comunidade Cidadã;UPA;Ministério da Saúde;Município;BA;ITABUNA;--;;Em obras;30 de Junho de 2017;-39.28;-14.786
upa.fid-4d3f006b_1621040b15b_698f;62642;Jacobina - BA - Jacobina - BA - UPA II;Comunidade Cidadã;UPA;Ministério da Saúde;Município;BA;JACOBINA;--;;Concluído;30 de Junho de 2017;-40.518;-11.181
upa.fid-4d3f006b_1621040b15b_6990;62643;Jaguaquara - BA - Jaguaquara - BA - UPA I;Comunidade Cidadã;UPA;Ministério da Saúde;Município;BA;JAGUAQUARA;--;;Concluído;30 de Junho de 2017;-39.971;-13.531
upa.fid-4d3f006b_1621040b15b_6991;62644;Livramento de Nossa Senhora - BA - Livramento de Nossa Senhora - BA - UPA I;Comunidade Cidadã;UPA;Ministério da Saúde;Município;BA;LIVRAMENTO DE NOSSA SENHORA;--;;Concluído;30 de Junho de 2017;-41.841;-13.643
upa.fid-4d3f006b_1621040b15b_6992;62645;Maragojipe - BA - Maragogipe - BA - UPA I;Comunidade Cidadã;UPA;Ministério da Saúde;Município;BA;MARAGOJIPE;--;;Concluído;30 de Junho de 2017;-38.919;-12.778
upa.fid-4d3f006b_1621040b15b_6993;62646;Monte Santo - BA - Monte Santo - BA - UPA I;Comunidade Cidadã;UPA;Ministério da Saúde;Município;BA;MONTE SANTO;--;;Concluído;30 de Junho de 2017;-39.333;-10.438
upa.fid-4d3f006b_1621040b15b_6994;62647;Mucuri - BA - Mucuri - BA - UPA I;Comunidade Cidadã;UPA;Ministério da Saúde;Município;BA;MUCURI;--;;Em obras;30 de Junho de 2017;-39.551;-18.086
upa.fid-4d3f006b_1621040b15b_6995;62648;Serrinha - BA - Serrinha - BA - UPA I;Comunidade Cidadã;UPA;Ministério da Saúde;Município;BA;SERRINHA;--;;Concluído;30 de Junho de 2017;-39.008;-11.664
upa.fid-4d3f006b_1621040b15b_6996;62649;Teixeira de Freitas - BA - Teixeira de Freitas - BA - UPA II;Comunidade Cidadã;UPA;Ministério da Saúde;Município;BA;TEIXEIRA DE FREITAS;--;;Concluído;30 de Junho de 2017;-39.742;-17.535
upa.fid-4d3f006b_1621040b15b_6997;62650;Tucano - BA - Tucano - BA - UPA I;Comunidade Cidadã;UPA;Ministério da Saúde;Município;BA;TUCANO;--;;Em obras;30 de Junho de 2017;-38.787;-10.963
upa.fid-4d3f006b_1621040b15b_6998;62651;Fortaleza - CE - Fortaleza - CE - UPA III;Comunidade Cidadã;UPA;Ministério da Saúde;Município;CE;FORTALEZA;--;;Concluído;30 de Junho de 2017;-38.543;-3.717
upa.fid-4d3f006b_1621040b15b_6999;62652;Fortaleza - CE - Fortaleza - CE - UPA III;Comunidade Cidadã;UPA;Ministério da Saúde;Município;CE;FORTALEZA;--;;Em obras;30 de Junho de 2017;-38.543;-3.717
upa.fid-4d3f006b_1621040b15b_699a;62653;Fortaleza - CE - Fortaleza - CE - UPA III;Comunidade Cidadã;UPA;Ministério da Saúde;Município;CE;FORTALEZA;--;;Concluído;30 de Junho de 2017;-38.543;-3.717
upa.fid-4d3f006b_1621040b15b_699b;62654;Jaguaribe - CE - Jaguaribe - CE - UPA I;Comunidade Cidadã;UPA;Ministério da Saúde;Município;CE;JAGUARIBE;--;;Concluído;30 de Junho de 2017;-38.622;-5.891
upa.fid-4d3f006b_1621040b15b_699c;62655;Jijoca de Jericoacoara - CE - Jijoca de Jericoacoara - CE - UPA I;Comunidade Cidadã;UPA;Ministério da Saúde;Estado;CE;JIJOCA DE JERICOACOARA;--;;Concluído;30 de Junho de 2017;-40.513;-2.794
upa.fid-4d3f006b_1621040b15b_699d;62656;Quixeramobim - CE - Quixeramobim - CE - UPA I;Comunidade Cidadã;UPA;Ministério da Saúde;Município;CE;QUIXERAMOBIM;--;;Concluído;30 de Junho de 2017;-39.293;-5.199
upa.fid-4d3f006b_1621040b15b_699e;62657;Cachoeiro de Itapemirim - ES - Cachoeiro de Itapemirim - ES - UPA I;Comunidade Cidadã;UPA;Ministério da Saúde;Município;ES;CACHOEIRO DE ITAPEMIRIM;--;;Concluído;30 de Junho de 2017;-41.113;-20.849
upa.fid-4d3f006b_1621040b15b_699f;62658;Cariacica - ES - Cariacica - ES - UPA III;Comunidade Cidadã;UPA;Ministério da Saúde;Município;ES;CARIACICA;--;;Concluído;30 de Junho de 2017;-40.42;-20.264
upa.fid-4d3f006b_1621040b15b_69a0;62659;Nova Venécia - ES - Nova Venécia - ES - UPA I;Comunidade Cidadã;UPA;Ministério da Saúde;Município;ES;NOVA VENÉCIA;--;;Em obras;30 de Junho de 2017;-40.401;-18.711
upa.fid-4d3f006b_1621040b15b_69a1;62660;Viana - ES - Viana - ES - UPA II;Comunidade Cidadã;UPA;Ministério da Saúde;Município;ES;VIANA;--;;Em obras;30 de Junho de 2017;-40.496;-20.39
upa.fid-4d3f006b_1621040b15b_69a2;62661;Caldas Novas - GO - Caldas Novas - GO - UPA I;Comunidade Cidadã;UPA;Ministério da Saúde;Município;GO;CALDAS NOVAS;--;;Em obras;30 de Junho de 2017;-48.626;-17.744
upa.fid-4d3f006b_1621040b15b_69a3;62662;Campos Belos - GO - Campos Belos - GO - UPA I;Comunidade Cidadã;UPA;Ministério da Saúde;Município;GO;CAMPOS BELOS;--;;Concluído;30 de Junho de 2017;-46.772;-13.037
upa.fid-4d3f006b_1621040b15b_69a4;62663;Goianésia - GO - Goianésia - GO - UPA I;Comunidade Cidadã;UPA;Ministério da Saúde;Município;GO;GOIANÉSIA;--;;Concluído;30 de Junho de 2017;-49.117;-15.317
upa.fid-4d3f006b_1621040b15b_69a5;62664;Inhumas - GO - Inhumas - GO - UPA I;Comunidade Cidadã;UPA;Ministério da Saúde;Município;GO;INHUMAS;--;;Concluído;30 de Junho de 2017;-49.496;-16.358
upa.fid-4d3f006b_1621040b15b_69a6;62665;Luziânia - GO - Luziânia - GO - UPA I;Comunidade Cidadã;UPA;Ministério da Saúde;Município;GO;LUZIÂNIA;--;;Concluído;30 de Junho de 2017;-47.95;-16.253
upa.fid-4d3f006b_1621040b15b_69a7;62666;Mineiros - GO - Mineiros - GO - UPA I;Comunidade Cidadã;UPA;Ministério da Saúde;Município;GO;MINEIROS;--;;Concluído;30 de Junho de 2017;-52.551;-17.569
upa.fid-4d3f006b_1621040b15b_69a8;62667;Niquelândia - GO - Niquelândia - GO - UPA I;Comunidade Cidadã;UPA;Ministério da Saúde;Município;GO;NIQUELÂNDIA;--;;Concluído;30 de Junho de 2017;-48.46;-14.474
upa.fid-4d3f006b_1621040b15b_69a9;62668;Pontalina - GO - Pontalina - GO - UPA I;Comunidade Cidadã;UPA;Ministério da Saúde;Município;GO;PONTALINA;--;;Em obras;30 de Junho de 2017;-49.449;-17.526
upa.fid-4d3f006b_1621040b15b_69aa;62669;Posse - GO - Posse - GO - UPA I;Comunidade Cidadã;UPA;Ministério da Saúde;Município;GO;POSSE;--;;Em obras;30 de Junho de 2017;-46.369;-14.093
upa.fid-4d3f006b_1621040b15b_69ab;62670;Quirinópolis - GO - Quirinópolis - GO - UPA I;Comunidade Cidadã;UPA;Ministério da Saúde;Município;GO;QUIRINÓPOLIS;--;;Concluído;30 de Junho de 2017;-50.452;-18.448
upa.fid-4d3f006b_1621040b15b_69ac;62671;Rio Verde - GO - Rio Verde - GO - UPA I;Comunidade Cidadã;UPA;Ministério da Saúde;Município;GO;RIO VERDE;--;Valor não divulgado em razão da possibilidade de uso do Regime Diferenciado de Contratação - RDC.;Ação preparatória;30 de Junho de 2017;-50.928;-17.798
upa.fid-4d3f006b_1621040b15b_69ad;62672;Santa Helena de Goiás - GO - Santa Helena de Goiás - GO - UPA I;Comunidade Cidadã;UPA;Ministério da Saúde;Município;GO;SANTA HELENA DE GOIÁS;--;;Em obras;30 de Junho de 2017;-50.597;-17.814
upa.fid-4d3f006b_1621040b15b_69ae;62673;Uruaçu - GO - Uruaçu - GO - UPA I;Comunidade Cidadã;UPA;Ministério da Saúde;Município;GO;URUAÇU;--;;Concluído;30 de Junho de 2017;-49.141;-14.525
upa.fid-4d3f006b_1621040b15b_69af;62674;Bacabal - MA - Bacabal - MA - UPA III;Comunidade Cidadã;UPA;Ministério da Saúde;Município;MA;BACABAL;--;;Concluído;30 de Junho de 2017;-44.78;-4.225
upa.fid-4d3f006b_1621040b15b_69b0;62675;Balsas - MA - Balsas - MA - UPA I;Comunidade Cidadã;UPA;Ministério da Saúde;Município;MA;BALSAS;--;;Em obras;30 de Junho de 2017;-46.036;-7.533
upa.fid-4d3f006b_1621040b15b_69b1;62676;Caxias - MA - Caxias - MA - UPA III;Comunidade Cidadã;UPA;Ministério da Saúde;Município;MA;CAXIAS;--;;Concluído;30 de Junho de 2017;-43.356;-4.859
upa.fid-4d3f006b_1621040b15b_69b2;62677;Chapadinha - MA - Chapadinha - MA - UPA II;Comunidade Cidadã;UPA;Ministério da Saúde;Município;MA;CHAPADINHA;--;;Concluído;30 de Junho de 2017;-43.36;-3.742
upa.fid-4d3f006b_1621040b15b_69b3;62678;Coelho Neto - MA - Coelho Neto - MA - UPA I;Comunidade Cidadã;UPA;Ministério da Saúde;Município;MA;COELHO NETO;--;;Concluído;30 de Junho de 2017;-43.013;-4.257
upa.fid-4d3f006b_1621040b15b_69b4;62679;Estreito - MA - Estreito - MA - UPA I;Comunidade Cidadã;UPA;Ministério da Saúde;Município;MA;ESTREITO;--;;Concluído;30 de Junho de 2017;-47.451;-6.561
upa.fid-4d3f006b_1621040b15b_69b5;62681;Porto Franco - MA - Porto Franco - MA - UPA I;Comunidade Cidadã;UPA;Ministério da Saúde;Município;MA;PORTO FRANCO;--;Valor não divulgado em razão da possibilidade de uso do Regime Diferenciado de Contratação - RDC.;Ação preparatória;30 de Junho de 2017;-47.399;-6.338
upa.fid-4d3f006b_1621040b15b_69b6;62684;Zé Doca - MA - Zé Doca - MA - UPA II;Comunidade Cidadã;UPA;Ministério da Saúde;Município;MA;ZÉ DOCA;--;Valor não divulgado em razão da possibilidade de uso do Regime Diferenciado de Contratação - RDC.;Ação preparatória;30 de Junho de 2017;-45.824;-3.243
upa.fid-4d3f006b_1621040b15b_69b7;62686;Itabira - MG - Itabira - MG - UPA II;Comunidade Cidadã;UPA;Ministério da Saúde;Município;MG;ITABIRA;--;;Concluído;30 de Junho de 2017;-43.227;-19.619
upa.fid-4d3f006b_1621040b15b_69b8;62687;Jaíba - MG - Jaíba - MG - Ampliação - UPA;Comunidade Cidadã;UPA;Ministério da Saúde;Município;MG;JAÍBA;--;;Em obras;30 de Junho de 2017;-43.674;-15.338
upa.fid-4d3f006b_1621040b15b_69b9;62688;Lagoa da Prata - MG - Lagoa da Prata - MG - UPA I;Comunidade Cidadã;UPA;Ministério da Saúde;Município;MG;LAGOA DA PRATA;--;;Concluído;30 de Junho de 2017;-45.544;-20.023
upa.fid-4d3f006b_1621040b15b_69ba;62689;Lagoa Santa - MG - Lagoa Santa - MG - UPA I;Comunidade Cidadã;UPA;Ministério da Saúde;Município;MG;LAGOA SANTA;--;;Em obras;30 de Junho de 2017;-43.89;-19.627
upa.fid-4d3f006b_1621040b15b_69bb;62690;Mariana - MG - Mariana - MG - UPA I;Comunidade Cidadã;UPA;Ministério da Saúde;Município;MG;MARIANA;--;;Em obras;30 de Junho de 2017;-43.416;-20.378
upa.fid-4d3f006b_1621040b15b_69bc;62691;Pará de Minas - MG - Pará de Minas - MG - Ampliação - UPA;Comunidade Cidadã;UPA;Ministério da Saúde;Município;MG;PARÁ DE MINAS;--;;Concluído;30 de Junho de 2017;-44.608;-19.86
upa.fid-4d3f006b_1621040b15b_69bd;62692;Ponte Nova - MG - Ponte Nova - MG - UPA II;Comunidade Cidadã;UPA;Ministério da Saúde;Município;MG;PONTE NOVA;--;;Em obras;30 de Junho de 2017;-42.909;-20.416
upa.fid-4d3f006b_1621040b15b_69be;62693;Salinas - MG - Salinas - MG - Ampliação - UPA;Comunidade Cidadã;UPA;Ministério da Saúde;Município;MG;SALINAS;--;;Concluído;30 de Junho de 2017;-42.29;-16.17
upa.fid-4d3f006b_1621040b15b_69bf;62694;Sarzedo - MG - Sarzedo - MG - Ampliação - UPA;Comunidade Cidadã;UPA;Ministério da Saúde;Município;MG;SARZEDO;--;;Em obras;30 de Junho de 2017;-44.145;-20.035
upa.fid-4d3f006b_1621040b15b_69c0;62695;Ponta Porã - MS - Ponta Porã - MS - UPA I;Comunidade Cidadã;UPA;Ministério da Saúde;Município;MS;PONTA PORÃ;--;;Em obras;30 de Junho de 2017;-55.726;-22.536
upa.fid-4d3f006b_1621040b15b_69c1;62696;Sidrolândia - MS - Sidrolândia - MS - UPA I;Comunidade Cidadã;UPA;Ministério da Saúde;Município;MS;SIDROLÂNDIA;--;;Concluído;30 de Junho de 2017;-54.961;-20.932
upa.fid-4d3f006b_1621040b15b_69c2;62697;Água Boa - MT - Água Boa - MT - UPA I;Comunidade Cidadã;UPA;Ministério da Saúde;Município;MT;ÁGUA BOA;--;;Concluído;30 de Junho de 2017;-52.159;-14.05
upa.fid-4d3f006b_1621040b15b_69c3;62698;Campo Verde - MT - Campo Verde - MT - UPA I;Comunidade Cidadã;UPA;Ministério da Saúde;Município;MT;CAMPO VERDE;--;;Concluído;30 de Junho de 2017;-55.169;-15.547
upa.fid-4d3f006b_1621040b15b_69c4;62699;Colniza - MT - Colniza - MT - UPA I;Comunidade Cidadã;UPA;Ministério da Saúde;Município;MT;COLNIZA;--;;Em obras;30 de Junho de 2017;-59.023;-9.411
upa.fid-4d3f006b_1621040b15b_69c5;62700;Cuiabá - MT - Cuiabá - MT - UPA III;Comunidade Cidadã;UPA;Ministério da Saúde;Município;MT;CUIABÁ;--;;Em obras;30 de Junho de 2017;-56.097;-15.596
upa.fid-4d3f006b_1621040b15b_69c6;62701;Cuiabá - MT - Cuiabá - MT - UPA III;Comunidade Cidadã;UPA;Ministério da Saúde;Município;MT;CUIABÁ;--;;Em obras;30 de Junho de 2017;-56.097;-15.596
upa.fid-4d3f006b_1621040b15b_69c7;62702;Guarantã do Norte - MT - Guarantã do Norte - MT - UPA I;Comunidade Cidadã;UPA;Ministério da Saúde;Município;MT;GUARANTÃ DO NORTE;--;;Concluído;30 de Junho de 2017;-54.91;-9.788
upa.fid-4d3f006b_1621040b15b_69c8;62703;Poconé - MT - Poconé - MT - UPA I;Comunidade Cidadã;UPA;Ministério da Saúde;Município;MT;POCONÉ;--;;Em obras;30 de Junho de 2017;-56.623;-16.257
upa.fid-4d3f006b_1621040b15b_69c9;62705;Ananindeua - PA - Ananindeua - PA - UPA II;Comunidade Cidadã;UPA;Ministério da Saúde;Município;PA;ANANINDEUA;--;;Em obras;30 de Junho de 2017;-48.372;-1.366
upa.fid-4d3f006b_1621040b15b_69ca;62706;Ananindeua - PA - Ananindeua - PA - UPA II;Comunidade Cidadã;UPA;Ministério da Saúde;Município;PA;ANANINDEUA;--;;Em obras;30 de Junho de 2017;-48.372;-1.366
upa.fid-4d3f006b_1621040b15b_69cb;62707;Belém - PA - Belém - PA - UPA III;Comunidade Cidadã;UPA;Ministério da Saúde;Município;PA;BELÉM;--;;Em obras;30 de Junho de 2017;-48.504;-1.456
upa.fid-4d3f006b_1621040b15b_69cc;62708;Belém - PA - Belém - PA - UPA III;Comunidade Cidadã;UPA;Ministério da Saúde;Município;PA;BELÉM;--;;Concluído;30 de Junho de 2017;-48.504;-1.456
upa.fid-4d3f006b_1621040b15b_69cd;62709;Belém - PA - Belém - PA - UPA III;Comunidade Cidadã;UPA;Ministério da Saúde;Município;PA;BELÉM;--;;Em obras;30 de Junho de 2017;-48.504;-1.456
upa.fid-4d3f006b_1621040b15b_69ce;62710;Conceição do Araguaia - PA - Conceição do Araguaia - PA - UPA I;Comunidade Cidadã;UPA;Ministério da Saúde;Município;PA;CONCEIÇÃO DO ARAGUAIA;--;;Em obras;30 de Junho de 2017;-49.265;-8.258
upa.fid-4d3f006b_1621040b15b_69cf;62711;Dom Eliseu - PA - Dom Eliseu - PA - UPA I;Comunidade Cidadã;UPA;Ministério da Saúde;Município;PA;DOM ELISEU;--;;Concluído;30 de Junho de 2017;-47.505;-4.285
upa.fid-4d3f006b_1621040b15b_69d0;62712;Ipixuna do Pará - PA - Ipixuna do Pará - PA - UPA I;Comunidade Cidadã;UPA;Ministério da Saúde;Município;PA;IPIXUNA DO PARÁ;--;;Em obras;30 de Junho de 2017;-47.494;-2.558
upa.fid-4d3f006b_1621040b15b_69d1;62713;Itupiranga - PA - Itupiranga - PA - UPA I;Comunidade Cidadã;UPA;Ministério da Saúde;Município;PA;ITUPIRANGA;--;;Concluído;30 de Junho de 2017;-49.327;-5.135
upa.fid-4d3f006b_1621040b15b_69d2;62714;Tomé-Açu - PA - Tomé-Açu - PA - UPA I;Comunidade Cidadã;UPA;Ministério da Saúde;Município;PA;TOMÉ-AÇU;--;;Concluído;30 de Junho de 2017;-48.152;-2.419
upa.fid-4d3f006b_1621040b15b_69d3;62715;Vigia - PA - Vigia - PA - UPA I;Comunidade Cidadã;UPA;Ministério da Saúde;Município;PA;VIGIA;--;;Em obras;30 de Junho de 2017;-48.142;-0.858
upa.fid-4d3f006b_1621040b15b_69d4;62716;Bananeiras - PB - Bananeiras - PB - UPA I;Comunidade Cidadã;UPA;Ministério da Saúde;Município;PB;BANANEIRAS;--;;Em obras;30 de Junho de 2017;-35.633;-6.75
upa.fid-4d3f006b_1621040b15b_69d5;62717;Conde - PB - Conde - PB - UPA I;Comunidade Cidadã;UPA;Ministério da Saúde;Município;PB;CONDE;--;;Em obras;30 de Junho de 2017;-34.908;-7.26
upa.fid-4d3f006b_1621040b15b_69d6;62718;Esperança - PB - Esperança - PB - UPA I;Comunidade Cidadã;UPA;Ministério da Saúde;Município;PB;ESPERANÇA;--;;Em obras;30 de Junho de 2017;-35.86;-7.023
upa.fid-4d3f006b_1621040b15b_69d7;62719;Ingá - PB - Ingá - PB - UPA I;Comunidade Cidadã;UPA;Ministério da Saúde;Município;PB;INGÁ;--;;Em obras;30 de Junho de 2017;-35.613;-7.268
upa.fid-4d3f006b_1621040b15b_69d8;62720;Itabaiana - PB - Itabaiana - PB - UPA I;Comunidade Cidadã;UPA;Ministério da Saúde;Município;PB;ITABAIANA;--;;Em obras;30 de Junho de 2017;-35.333;-7.329
upa.fid-4d3f006b_1621040b15b_69d9;62722;João Pessoa - PB - João Pessoa - PB - UPA II;Comunidade Cidadã;UPA;Ministério da Saúde;Município;PB;JOÃO PESSOA;--;;Em obras;30 de Junho de 2017;-34.863;-7.115
upa.fid-4d3f006b_1621040b15b_69da;62723;Rio Tinto - PB - Rio Tinto - PB - UPA I;Comunidade Cidadã;UPA;Ministério da Saúde;Município;PB;RIO TINTO;--;;Em obras;30 de Junho de 2017;-35.081;-6.803
upa.fid-4d3f006b_1621040b15b_69db;62724;Sapé - PB - Sapé - PB - UPA I;Comunidade Cidadã;UPA;Ministério da Saúde;Município;PB;SAPÉ;--;;Concluído;30 de Junho de 2017;-35.233;-7.095
upa.fid-4d3f006b_1621040b15b_69dc;62725;Araripina - PE - Araripina - PE - UPA I;Comunidade Cidadã;UPA;Ministério da Saúde;Município;PE;ARARIPINA;--;;Em obras;30 de Junho de 2017;-40.498;-7.576
upa.fid-4d3f006b_1621040b15b_69dd;62726;Belo Jardim - PE - Belo Jardim - PE - Ampliação - UPA;Comunidade Cidadã;UPA;Ministério da Saúde;Município;PE;BELO JARDIM;--;;Em obras;30 de Junho de 2017;-36.424;-8.336
upa.fid-4d3f006b_1621040b15b_69de;62727;Bonito - PE - Bonito - PE - UPA I;Comunidade Cidadã;UPA;Ministério da Saúde;Município;PE;BONITO;--;;Em obras;30 de Junho de 2017;-35.729;-8.47
upa.fid-4d3f006b_1621040b15b_69df;62728;Cabrobó - PE - Cabrobó - PE - UPA I;Comunidade Cidadã;UPA;Ministério da Saúde;Município;PE;CABROBÓ;--;;Concluído;30 de Junho de 2017;-39.307;-8.512
upa.fid-4d3f006b_1621040b15b_69e0;62729;Camaragibe - PE - Camaragibe - PE - UPA I;Comunidade Cidadã;UPA;Ministério da Saúde;Município;PE;CAMARAGIBE;--;Valor não divulgado em razão da possibilidade de uso do Regime Diferenciado de Contratação - RDC.;Ação preparatória;30 de Junho de 2017;-34.981;-8.022
upa.fid-4d3f006b_1621040b15b_69e1;62730;Garanhuns - PE - Garanhuns - PE - UPA II;Comunidade Cidadã;UPA;Ministério da Saúde;Município;PE;GARANHUNS;--;;Em obras;30 de Junho de 2017;-36.493;-8.89
upa.fid-4d3f006b_1621040b15b_69e2;62731;Ipojuca - PE - Ipojuca - PE - UPA II;Comunidade Cidadã;UPA;Ministério da Saúde;Município;PE;IPOJUCA;--;;Concluído;30 de Junho de 2017;-35.064;-8.399
upa.fid-4d3f006b_1621040b15b_69e3;62734;Salgueiro - PE - Salgueiro - PE - UPA I;Comunidade Cidadã;UPA;Ministério da Saúde;Município;PE;SALGUEIRO;--;;Concluído;30 de Junho de 2017;-39.12;-8.067
upa.fid-4d3f006b_1621040b15b_69e4;62736;Surubim - PE - Surubim - PE - Ampliação - UPA;Comunidade Cidadã;UPA;Ministério da Saúde;Município;PE;SURUBIM;--;;Concluído;30 de Junho de 2017;-35.756;-7.832
upa.fid-4d3f006b_1621040b15b_69e5;62737;Campo Maior - PI - Campo Maior - PI - UPA I;Comunidade Cidadã;UPA;Ministério da Saúde;Município;PI;CAMPO MAIOR;--;;Concluído;30 de Junho de 2017;-42.169;-4.828
upa.fid-4d3f006b_1621040b15b_69e6;62739;Cornélio Procópio - PR - Cornélio Procópio - PR - UPA I;Comunidade Cidadã;UPA;Ministério da Saúde;Município;PR;CORNÉLIO PROCÓPIO;--;;Em obras;30 de Junho de 2017;-50.647;-23.181
upa.fid-4d3f006b_1621040b15b_69e7;62740;Goioerê - PR - Goioerê - PR - UPA I;Comunidade Cidadã;UPA;Ministério da Saúde;Município;PR;GOIOERÊ;--;;Em obras;30 de Junho de 2017;-53.028;-24.185
upa.fid-4d3f006b_1621040b15b_69e8;62741;Guaíra - PR - Guaíra - PR - UPA I;Comunidade Cidadã;UPA;Ministério da Saúde;Município;PR;GUAÍRA;--;;Concluído;30 de Junho de 2017;-54.256;-24.08
upa.fid-4d3f006b_1621040b15b_69e9;62742;Ibaiti - PR - Ibaiti - PR - UPA I;Comunidade Cidadã;UPA;Ministério da Saúde;Município;PR;IBAITI;--;;Em obras;30 de Junho de 2017;-50.188;-23.849
upa.fid-4d3f006b_1621040b15b_69ea;62743;Irati - PR - Irati - PR - UPA I;Comunidade Cidadã;UPA;Ministério da Saúde;Município;PR;IRATI;--;;Em obras;30 de Junho de 2017;-50.651;-25.467
upa.fid-4d3f006b_1621040b15b_69eb;62744;Marechal Cândido Rondon - PR - Marechal Cândido Rondon - PR - UPA I;Comunidade Cidadã;UPA;Ministério da Saúde;Município;PR;MARECHAL CÂNDIDO RONDON;--;;Concluído;30 de Junho de 2017;-54.057;-24.556
upa.fid-4d3f006b_1621040b15b_69ec;62745;Matinhos - PR - Matinhos - PR - UPA I;Comunidade Cidadã;UPA;Ministério da Saúde;Município;PR;MATINHOS;--;;Em obras;30 de Junho de 2017;-48.543;-25.818
upa.fid-4d3f006b_1621040b15b_69ed;62746;Medianeira - PR - Medianeira - PR - UPA I;Comunidade Cidadã;UPA;Ministério da Saúde;Município;PR;MEDIANEIRA;--;;Concluído;30 de Junho de 2017;-54.094;-25.295
upa.fid-4d3f006b_1621040b15b_69ee;62748;Santo Antônio da Platina - PR - Santo Antônio da Platina - PR - UPA I;Comunidade Cidadã;UPA;Ministério da Saúde;Município;PR;SANTO ANTÔNIO DA PLATINA;--;;Concluído;30 de Junho de 2017;-50.077;-23.295
upa.fid-4d3f006b_1621040b15b_69ef;62749;União da Vitória - PR - União da Vitória - PR - UPA I;Comunidade Cidadã;UPA;Ministério da Saúde;Município;PR;UNIÃO DA VITÓRIA;--;;Concluído;30 de Junho de 2017;-51.086;-26.23
upa.fid-4d3f006b_1621040b15b_69f0;62750;Cachoeiras de Macacu - RJ - Cachoeiras de Macacu - RJ - UPA I;Comunidade Cidadã;UPA;Ministério da Saúde;Município;RJ;CACHOEIRAS DE MACACU;--;;Em obras;30 de Junho de 2017;-42.653;-22.463
upa.fid-4d3f006b_1621040b15b_69f1;62753;Niterói - RJ - Niterói - RJ - Ampliação - UPA;Comunidade Cidadã;UPA;Ministério da Saúde;Município;RJ;NITERÓI;--;;Concluído;30 de Junho de 2017;-43.104;-22.883
upa.fid-4d3f006b_1621040b15b_69f2;62754;Valença - RJ - Valença - RJ - UPA II;Comunidade Cidadã;UPA;Ministério da Saúde;Município;RJ;VALENÇA;--;;Concluído;30 de Junho de 2017;-43.7;-22.246
upa.fid-4d3f006b_1621040b15b_69f3;62755;Vassouras - RJ - Vassouras - RJ - UPA II;Comunidade Cidadã;UPA;Ministério da Saúde;Município;RJ;VASSOURAS;--;;Concluído;30 de Junho de 2017;-43.663;-22.404
upa.fid-4d3f006b_1621040b15b_69f4;62756;Macau - RN - Macau - RN - UPA I;Comunidade Cidadã;UPA;Ministério da Saúde;Município;RN;MACAU;--;;Em obras;30 de Junho de 2017;-36.634;-5.115
upa.fid-4d3f006b_1621040b15b_69f5;62757;Santo Antônio - RN - Santo Antônio - RN - UPA I;Comunidade Cidadã;UPA;Ministério da Saúde;Município;RN;SANTO ANTÔNIO;--;;Em obras;30 de Junho de 2017;-35.479;-6.311
upa.fid-4d3f006b_1621040b15b_69f6;62758;São José de Mipibu - RN - São José de Mipibu - RN - UPA I;Comunidade Cidadã;UPA;Ministério da Saúde;Município;RN;SÃO JOSÉ DE MIPIBU;--;;Concluído;30 de Junho de 2017;-35.238;-6.075
upa.fid-4d3f006b_1621040b15b_69f7;62759;Vilhena - RO - Vilhena - RO - UPA I;Comunidade Cidadã;UPA;Ministério da Saúde;Município;RO;VILHENA;--;;Concluído;30 de Junho de 2017;-60.146;-12.741
upa.fid-4d3f006b_1621040b15b_69f8;62761;Cachoeirinha - RS - Cachoeirinha - RS - UPA II;Comunidade Cidadã;UPA;Ministério da Saúde;Município;RS;CACHOEIRINHA;--;;Em obras;30 de Junho de 2017;-51.094;-29.951
upa.fid-4d3f006b_1621040b15b_69f9;62762;Capão da Canoa - RS - Capão da Canoa - RS - UPA I;Comunidade Cidadã;UPA;Ministério da Saúde;Município;RS;CAPÃO DA CANOA;--;;Em obras;30 de Junho de 2017;-50.03;-29.761
upa.fid-4d3f006b_1621040b15b_69fa;62765;Gravataí - RS - Gravataí - RS - UPA II;Comunidade Cidadã;UPA;Ministério da Saúde;Município;RS;GRAVATAÍ;--;;Em obras;30 de Junho de 2017;-50.992;-29.944
upa.fid-4d3f006b_1621040b15b_69fb;62766;Osório - RS - Osório - RS - UPA I;Comunidade Cidadã;UPA;Ministério da Saúde;Município;RS;OSÓRIO;--;;Em obras;30 de Junho de 2017;-50.27;-29.887
upa.fid-4d3f006b_1621040b15b_69fc;62767;Panambi - RS - Panambi - RS - UPA I;Comunidade Cidadã;UPA;Ministério da Saúde;Município;RS;PANAMBI;--;;Em obras;30 de Junho de 2017;-53.502;-28.293
upa.fid-4d3f006b_1621040b15b_69fd;62773;Garopaba - SC - Garopaba - SC - UPA I;Comunidade Cidadã;UPA;Ministério da Saúde;Município;SC;GAROPABA;--;;Em obras;30 de Junho de 2017;-48.613;-28.023
upa.fid-4d3f006b_1621040b15b_69fe;62775;Joinville - SC - Joinville - SC - Ampliação - UPA;Comunidade Cidadã;UPA;Ministério da Saúde;Município;SC;JOINVILLE;--;;Em obras;30 de Junho de 2017;-48.846;-26.304
upa.fid-4d3f006b_1621040b15b_69ff;62776;Rio do Sul - SC - Rio do Sul - SC - UPA I;Comunidade Cidadã;UPA;Ministério da Saúde;Município;SC;RIO DO SUL;--;;Concluído;30 de Junho de 2017;-49.643;-27.214
upa.fid-4d3f006b_1621040b15b_6a00;62777;Aquidabã - SE - Aquidabã - SE - UPA I;Comunidade Cidadã;UPA;Ministério da Saúde;Município;SE;AQUIDABÃ;--;;Concluído;30 de Junho de 2017;-37.019;-10.281
upa.fid-4d3f006b_1621040b15b_6a01;62779;Itaporanga D'Ajuda - SE - Itaporanga D'Ajuda - SE - UPA I;Comunidade Cidadã;UPA;Ministério da Saúde;Município;SE;ITAPORANGA D'AJUDA;--;;Em obras;30 de Junho de 2017;-37.311;-10.998
upa.fid-4d3f006b_1621040b15b_6a02;62780;Nossa Senhora das Dores - SE - Nossa Senhora das Dores - SE - UPA I;Comunidade Cidadã;UPA;Ministério da Saúde;Município;SE;NOSSA SENHORA DAS DORES;--;;Em obras;30 de Junho de 2017;-37.193;-10.492
upa.fid-4d3f006b_1621040b15b_6a03;62782;Pacatuba - SE - Pacatuba - SE - UPA I;Comunidade Cidadã;UPA;Ministério da Saúde;Município;SE;PACATUBA;--;;Em obras;30 de Junho de 2017;-36.651;-10.453
upa.fid-4d3f006b_1621040b15b_6a04;62783;São Cristóvão - SE - São Cristóvão - SE - UPA I;Comunidade Cidadã;UPA;Ministério da Saúde;Município;SE;SÃO CRISTÓVÃO;--;;Em obras;30 de Junho de 2017;-37.206;-11.015
upa.fid-4d3f006b_1621040b15b_6a05;62785;Araraquara - SP - Araraquara - SP - UPA I;Comunidade Cidadã;UPA;Ministério da Saúde;Município;SP;ARARAQUARA;--;;Concluído;30 de Junho de 2017;-48.176;-21.794
upa.fid-4d3f006b_1621040b15b_6a06;62786;Arujá - SP - Arujá - SP - UPA I;Comunidade Cidadã;UPA;Ministério da Saúde;Município;SP;ARUJÁ;--;;Em obras;30 de Junho de 2017;-46.321;-23.396
upa.fid-4d3f006b_1621040b15b_6a07;62787;Barueri - SP - Barueri - SP - UPA III;Comunidade Cidadã;UPA;Ministério da Saúde;Município;SP;BARUERI;--;;Em obras;30 de Junho de 2017;-46.876;-23.511
upa.fid-4d3f006b_1621040b15b_6a08;62788;Botucatu - SP - Botucatu - SP - UPA II;Comunidade Cidadã;UPA;Ministério da Saúde;Município;SP;BOTUCATU;--;;Concluído;30 de Junho de 2017;-48.445;-22.886
upa.fid-4d3f006b_1621040b15b_6a09;62791;Franco da Rocha - SP - Franco da Rocha - SP - UPA II;Comunidade Cidadã;UPA;Ministério da Saúde;Município;SP;FRANCO DA ROCHA;--;;Concluído;30 de Junho de 2017;-46.727;-23.322
upa.fid-4d3f006b_1621040b15b_6a0a;62792;Guaíra - SP - Guaíra - SP - UPA I;Comunidade Cidadã;UPA;Ministério da Saúde;Município;SP;GUAÍRA;--;;Concluído;30 de Junho de 2017;-48.311;-20.318
upa.fid-4d3f006b_1621040b15b_6a0b;62795;Ibitinga - SP - Ibitinga - SP - UPA I;Comunidade Cidadã;UPA;Ministério da Saúde;Município;SP;IBITINGA;--;;Concluído;30 de Junho de 2017;-48.829;-21.758
upa.fid-4d3f006b_1621040b15b_6a0c;62797;Itapetininga - SP - Itapetininga - SP - UPA II;Comunidade Cidadã;UPA;Ministério da Saúde;Município;SP;ITAPETININGA;--;;Em obras;30 de Junho de 2017;-48.053;-23.592
upa.fid-4d3f006b_1621040b15b_6a0d;62798;Itu - SP - Itu - SP - UPA I;Comunidade Cidadã;UPA;Ministério da Saúde;Município;SP;ITU;--;;Concluído;30 de Junho de 2017;-47.299;-23.264
upa.fid-4d3f006b_1621040b15b_6a0e;62799;Jundiaí - SP - Jundiaí - SP - UPA I;Comunidade Cidadã;UPA;Ministério da Saúde;Município;SP;JUNDIAÍ;--;;Em obras;30 de Junho de 2017;-46.884;-23.186
upa.fid-4d3f006b_1621040b15b_6a0f;62800;Jundiaí - SP - Jundiaí - SP - UPA I;Comunidade Cidadã;UPA;Ministério da Saúde;Município;SP;JUNDIAÍ;--;;Em obras;30 de Junho de 2017;-46.884;-23.186
upa.fid-4d3f006b_1621040b15b_6a10;62801;Jundiaí - SP - Jundiaí - SP - UPA II;Comunidade Cidadã;UPA;Ministério da Saúde;Município;SP;JUNDIAÍ;--;;Em obras;30 de Junho de 2017;-46.884;-23.186
upa.fid-4d3f006b_1621040b15b_6a11;62802;Leme - SP - Leme - SP - UPA I;Comunidade Cidadã;UPA;Ministério da Saúde;Município;SP;LEME;--;;Concluído;30 de Junho de 2017;-47.39;-22.186
upa.fid-4d3f006b_1621040b15b_6a12;62803;Limeira - SP - Limeira - SP - UPA I;Comunidade Cidadã;UPA;Ministério da Saúde;Município;SP;LIMEIRA;--;;Em obras;30 de Junho de 2017;-47.402;-22.565
upa.fid-4d3f006b_1621040b15b_6a13;62804;Monte Mor - SP - Monte Mor - SP - UPA I;Comunidade Cidadã;UPA;Ministério da Saúde;Município;SP;MONTE MOR;--;;Em obras;30 de Junho de 2017;-47.316;-22.947
upa.fid-4d3f006b_1621040b15b_6a14;62808;Pindamonhangaba - SP - Pindamonhangaba - SP - UPA I;Comunidade Cidadã;UPA;Ministério da Saúde;Município;SP;PINDAMONHANGABA;--;;Em obras;30 de Junho de 2017;-45.462;-22.924
upa.fid-4d3f006b_1621040b15b_6a15;62809;Pindamonhangaba - SP - Pindamonhangaba - SP - UPA I;Comunidade Cidadã;UPA;Ministério da Saúde;Município;SP;PINDAMONHANGABA;--;;Em obras;30 de Junho de 2017;-45.462;-22.924
upa.fid-4d3f006b_1621040b15b_6a16;62810;Pindamonhangaba - SP - Pindamonhangaba - SP - UPA I;Comunidade Cidadã;UPA;Ministério da Saúde;Município;SP;PINDAMONHANGABA;--;;Concluído;30 de Junho de 2017;-45.462;-22.924
upa.fid-4d3f006b_1621040b15b_6a17;62811;Pirajuí - SP - Pirajuí - SP - UPA I;Comunidade Cidadã;UPA;Ministério da Saúde;Município;SP;PIRAJUÍ;--;;Concluído;30 de Junho de 2017;-49.457;-21.999
upa.fid-4d3f006b_1621040b15b_6a18;62812;Pirassununga - SP - Pirassununga - SP - UPA I;Comunidade Cidadã;UPA;Ministério da Saúde;Município;SP;PIRASSUNUNGA;--;;Em obras;30 de Junho de 2017;-47.426;-21.996
upa.fid-4d3f006b_1621040b15b_6a19;62813;Presidente Prudente - SP - Presidente Prudente - SP - UPA II;Comunidade Cidadã;UPA;Ministério da Saúde;Município;SP;PRESIDENTE PRUDENTE;--;;Concluído;30 de Junho de 2017;-51.389;-22.126
upa.fid-4d3f006b_1621040b15b_6a1a;62814;Ribeirão Preto - SP - Ribeirão Preto - SP - Ampliação - UPA;Comunidade Cidadã;UPA;Ministério da Saúde;Município;SP;RIBEIRÃO PRETO;--;;Concluído;30 de Junho de 2017;-47.81;-21.178
upa.fid-4d3f006b_1621040b15b_6a1b;62815;Rio Grande da Serra - SP - Rio Grande da Serra - SP - UPA I;Comunidade Cidadã;UPA;Ministério da Saúde;Município;SP;RIO GRANDE DA SERRA;--;;Concluído;30 de Junho de 2017;-46.398;-23.744
upa.fid-4d3f006b_1621040b15b_6a1c;62816;Santana de Parnaíba - SP - Santana de Parnaíba - SP - UPA II;Comunidade Cidadã;UPA;Ministério da Saúde;Município;SP;SANTANA DE PARNAÍBA;--;;Concluído;30 de Junho de 2017;-46.918;-23.444
upa.fid-4d3f006b_1621040b15b_6a1d;62817;Santo André - SP - Santo André - SP - Ampliação - UPA;Comunidade Cidadã;UPA;Ministério da Saúde;Município;SP;SANTO ANDRÉ;--;;Em obras;30 de Junho de 2017;-46.538;-23.664
upa.fid-4d3f006b_1621040b15b_6a1e;62818;Santo André - SP - Santo André - SP - Ampliação - UPA;Comunidade Cidadã;UPA;Ministério da Saúde;Município;SP;SANTO ANDRÉ;--;;Concluído;30 de Junho de 2017;-46.538;-23.664
upa.fid-4d3f006b_1621040b15b_6a1f;62819;Santo André - SP - Santo André - SP - Ampliação - UPA;Comunidade Cidadã;UPA;Ministério da Saúde;Município;SP;SANTO ANDRÉ;--;;Em obras;30 de Junho de 2017;-46.538;-23.664
upa.fid-4d3f006b_1621040b15b_6a20;62820;Santos - SP - Santos - SP - UPA II;Comunidade Cidadã;UPA;Ministério da Saúde;Município;SP;SANTOS;--;;Em obras;30 de Junho de 2017;-46.334;-23.961
upa.fid-4d3f006b_1621040b15b_6a21;62821;São Carlos - SP - São Carlos - SP - UPA I;Comunidade Cidadã;UPA;Ministério da Saúde;Município;SP;SÃO CARLOS;--;;Em obras;30 de Junho de 2017;-47.891;-22.018
upa.fid-4d3f006b_1621040b15b_6a22;62822;São José do Rio Pardo - SP - São José do Rio Pardo - SP - UPA I;Comunidade Cidadã;UPA;Ministério da Saúde;Município;SP;SÃO JOSÉ DO RIO PARDO;--;;Em obras;30 de Junho de 2017;-46.889;-21.596
upa.fid-4d3f006b_1621040b15b_6a23;62823;São José dos Campos - SP - São José dos Campos - SP - UPA III;Comunidade Cidadã;UPA;Ministério da Saúde;Município;SP;SÃO JOSÉ DOS CAMPOS;--;;Concluído;30 de Junho de 2017;-45.887;-23.179
upa.fid-4d3f006b_1621040b15b_6a24;62824;São Manuel - SP - São Manuel - SP - UPA I;Comunidade Cidadã;UPA;Ministério da Saúde;Município;SP;SÃO MANUEL;--;;Em obras;30 de Junho de 2017;-48.571;-22.731
upa.fid-4d3f006b_1621040b15b_6a25;62836;São Paulo - SP - São Paulo - SP - UPA III;Comunidade Cidadã;UPA;Ministério da Saúde;Município;SP;SÃO PAULO;--;;Em obras;30 de Junho de 2017;-46.636;-23.548
upa.fid-4d3f006b_1621040b15b_6a26;62837;São Paulo - SP - São Paulo - SP - UPA III;Comunidade Cidadã;UPA;Ministério da Saúde;Município;SP;SÃO PAULO;--;;Em obras;30 de Junho de 2017;-46.636;-23.548
upa.fid-4d3f006b_1621040b15b_6a27;62838;São Paulo - SP - São Paulo - SP - UPA III;Comunidade Cidadã;UPA;Ministério da Saúde;Município;SP;SÃO PAULO;--;;Em obras;30 de Junho de 2017;-46.636;-23.548
upa.fid-4d3f006b_1621040b15b_6a28;62839;São Paulo - SP - São Paulo - SP - UPA III;Comunidade Cidadã;UPA;Ministério da Saúde;Município;SP;SÃO PAULO;--;;Em obras;30 de Junho de 2017;-46.636;-23.548
upa.fid-4d3f006b_1621040b15b_6a29;62841;São Paulo - SP - São Paulo - SP - UPA III;Comunidade Cidadã;UPA;Ministério da Saúde;Município;SP;SÃO PAULO;--;;Em obras;30 de Junho de 2017;-46.636;-23.548
upa.fid-4d3f006b_1621040b15b_6a2a;62844;São Paulo - SP - São Paulo - SP - UPA III;Comunidade Cidadã;UPA;Ministério da Saúde;Município;SP;SÃO PAULO;--;;Em obras;30 de Junho de 2017;-46.636;-23.548
upa.fid-4d3f006b_1621040b15b_6a2b;62845;São Paulo - SP - São Paulo - SP - UPA III;Comunidade Cidadã;UPA;Ministério da Saúde;Município;SP;SÃO PAULO;--;;Em obras;30 de Junho de 2017;-46.636;-23.548
upa.fid-4d3f006b_1621040b15b_6a2c;62846;São Paulo - SP - São Paulo - SP - UPA III;Comunidade Cidadã;UPA;Ministério da Saúde;Município;SP;SÃO PAULO;--;;Em obras;30 de Junho de 2017;-46.636;-23.548
upa.fid-4d3f006b_1621040b15b_6a2d;62848;São Paulo - SP - São Paulo - SP - UPA III;Comunidade Cidadã;UPA;Ministério da Saúde;Município;SP;SÃO PAULO;--;;Em obras;30 de Junho de 2017;-46.636;-23.548
upa.fid-4d3f006b_1621040b15b_6a2e;62851;São Paulo - SP - São Paulo - SP - UPA III;Comunidade Cidadã;UPA;Ministério da Saúde;Município;SP;SÃO PAULO;--;;Em obras;30 de Junho de 2017;-46.636;-23.548
upa.fid-4d3f006b_1621040b15b_6a2f;62852;São Paulo - SP - São Paulo - SP - UPA III;Comunidade Cidadã;UPA;Ministério da Saúde;Município;SP;SÃO PAULO;--;;Em obras;30 de Junho de 2017;-46.636;-23.548
upa.fid-4d3f006b_1621040b15b_6a30;62853;São Paulo - SP - São Paulo - SP - UPA III;Comunidade Cidadã;UPA;Ministério da Saúde;Município;SP;SÃO PAULO;--;;Concluído;30 de Junho de 2017;-46.636;-23.548
upa.fid-4d3f006b_1621040b15b_6a31;62854;São Paulo - SP - São Paulo - SP - UPA III;Comunidade Cidadã;UPA;Ministério da Saúde;Município;SP;SÃO PAULO;--;;Em obras;30 de Junho de 2017;-46.636;-23.548
upa.fid-4d3f006b_1621040b15b_6a32;62856;São Vicente - SP - São Vicente - SP - Ampliação - UPA;Comunidade Cidadã;UPA;Ministério da Saúde;Município;SP;SÃO VICENTE;--;;Em obras;30 de Junho de 2017;-46.392;-23.963
upa.fid-4d3f006b_1621040b15b_6a33;62859;Taubaté - SP - Taubaté - SP - UPA I;Comunidade Cidadã;UPA;Ministério da Saúde;Município;SP;TAUBATÉ;--;;Concluído;30 de Junho de 2017;-45.555;-23.026
upa.fid-4d3f006b_1621040b15b_6a34;62860;Vargem Grande do Sul - SP - Vargem Grande do Sul - SP - UPA I;Comunidade Cidadã;UPA;Ministério da Saúde;Município;SP;VARGEM GRANDE DO SUL;--;;Em obras;30 de Junho de 2017;-46.894;-21.832
upa.fid-4d3f006b_1621040b15b_6a35;62861;Augustinópolis - TO - Augustinópolis - TO - UPA I;Comunidade Cidadã;UPA;Ministério da Saúde;Município;TO;AUGUSTINÓPOLIS;--;;Concluído;30 de Junho de 2017;-47.888;-5.466
upa.fid-4d3f006b_1621040b15b_6a36;62862;Dianópolis - TO - Dianópolis - TO - UPA I;Comunidade Cidadã;UPA;Ministério da Saúde;Município;TO;DIANÓPOLIS;--;;Concluído;30 de Junho de 2017;-46.821;-11.628
upa.fid-4d3f006b_1621040b15b_6a37;62863;Guaraí - TO - Guaraí - TO - UPA I;Comunidade Cidadã;UPA;Ministério da Saúde;Município;TO;GUARAÍ;--;;Em obras;30 de Junho de 2017;-48.51;-8.834
upa.fid-4d3f006b_1621040b15b_6a38;62864;Paraíso do Tocantins - TO - Paraíso do Tocantins - TO - UPA I;Comunidade Cidadã;UPA;Ministério da Saúde;Município;TO;PARAÍSO DO TOCANTINS;--;;Concluído;30 de Junho de 2017;-48.867;-10.176
upa.fid-4d3f006b_1621040b15b_6a39;62865;Tocantinópolis - TO - Tocantinópolis - TO - UPA I;Comunidade Cidadã;UPA;Ministério da Saúde;Município;TO;TOCANTINÓPOLIS;--;;Concluído;30 de Junho de 2017;-47.416;-6.329
upa.fid-4d3f006b_1621040b15b_6a3a;77310;Itacaré - BA - Itacaré - BA - UPA I;Comunidade Cidadã;UPA;Ministério da Saúde;Município;BA;ITACARÉ;--;;Em obras;30 de Junho de 2017;-38.997;-14.278
upa.fid-4d3f006b_1621040b15b_6a3b;77311;Nova Viçosa - BA - Nova Viçosa - BA - UPA I;Comunidade Cidadã;UPA;Ministério da Saúde;Município;BA;NOVA VIÇOSA;--;;Em obras;30 de Junho de 2017;-39.372;-17.892
upa.fid-4d3f006b_1621040b15b_6a3c;77312;Crato - CE - Crato - CE - UPA I;Comunidade Cidadã;UPA;Ministério da Saúde;Município;CE;CRATO;--;;Em obras;30 de Junho de 2017;-39.409;-7.234
upa.fid-4d3f006b_1621040b15b_6a3d;77315;Lucas do Rio Verde - MT - Lucas do Rio Verde - MT - UPA I;Comunidade Cidadã;UPA;Ministério da Saúde;Município;MT;LUCAS DO RIO VERDE;--;;Concluído;30 de Junho de 2017;-55.911;-13.05
upa.fid-4d3f006b_1621040b15b_6a3e;77316;Agrestina - PE - Agrestina - PE - UPA II;Comunidade Cidadã;UPA;Ministério da Saúde;Município;PE;AGRESTINA;--;;Em obras;30 de Junho de 2017;-35.945;-8.458
upa.fid-4d3f006b_1621040b15b_6a3f;77318;Serra Talhada - PE - Serra Talhada - PE - UPA I;Comunidade Cidadã;UPA;Ministério da Saúde;Município;PE;SERRA TALHADA;--;;Em obras;30 de Junho de 2017;-38.296;-7.986
upa.fid-4d3f006b_1621040b15b_6a40;77319;Trindade - PE - Trindade - PE - UPA I;Comunidade Cidadã;UPA;Ministério da Saúde;Município;PE;TRINDADE;--;;Em obras;30 de Junho de 2017;-40.268;-7.762
upa.fid-4d3f006b_1621040b15b_6a41;77320;Dois Vizinhos - PR - Dois Vizinhos - PR - UPA I;Comunidade Cidadã;UPA;Ministério da Saúde;Município;PR;DOIS VIZINHOS;--;;Concluído;30 de Junho de 2017;-53.057;-25.734
upa.fid-4d3f006b_1621040b15b_6a42;77323;Santa Vitória do Palmar - RS - Santa Vitória do Palmar - RS - UPA I;Comunidade Cidadã;UPA;Ministério da Saúde;Município;RS;SANTA VITÓRIA DO PALMAR;--;;Em obras;30 de Junho de 2017;-53.368;-33.519
upa.fid-4d3f006b_1621040b15b_6a43;77324;Aparecida - SP - Aparecida - SP - UPA II;Comunidade Cidadã;UPA;Ministério da Saúde;Município;SP;APARECIDA;--;;Em obras;30 de Junho de 2017;-45.23;-22.847
upa.fid-4d3f006b_1621040b15b_6a44;77327;Itupeva - SP - Itupeva - SP - UPA I;Comunidade Cidadã;UPA;Ministério da Saúde;Município;SP;ITUPEVA;--;;Em obras;30 de Junho de 2017;-47.058;-23.153
upa.fid-4d3f006b_1621040b15b_6a45;77329;Manduri - SP - Manduri - SP - UPA I;Comunidade Cidadã;UPA;Ministério da Saúde;Município;SP;MANDURI;--;;Em obras;30 de Junho de 2017;-49.322;-23.003
upa.fid-4d3f006b_1621040b15b_6a46;89625;Paudalho - PE - Paudalho - PE - UPA I;Comunidade Cidadã;UPA;Ministério da Saúde;Município;PE;PAUDALHO;--;;Concluído;30 de Junho de 2017;-35.18;-7.897
upa.fid-4d3f006b_1621040b15b_6a47;89627;Rio Grande - RS - Rio Grande - RS - UPA III;Comunidade Cidadã;UPA;Ministério da Saúde;Município;RS;RIO GRANDE;--;Valor não divulgado em razão da possibilidade de uso do Regime Diferenciado de Contratação - RDC.;Ação preparatória;30 de Junho de 2017;-52.099;-32.035
upa.fid-4d3f006b_1621040b15b_6a48;89628;Mogi das Cruzes - SP - Moji das Cruzes  - SP - UPA II;Comunidade Cidadã;UPA;Ministério da Saúde;Município;SP;MOGI DAS CRUZES;--;;Concluído;30 de Junho de 2017;-46.18585957;-23.52131061
upa.fid-4d3f006b_1621040b15b_6a49;89630;Santos - SP - Santos - SP - UPA II;Comunidade Cidadã;UPA;Ministério da Saúde;Município;SP;SANTOS;--;Valor não divulgado em razão da possibilidade de uso do Regime Diferenciado de Contratação - RDC.;Ação preparatória;30 de Junho de 2017;-46.334;-23.961
upa.fid-4d3f006b_1621040b15b_6a4a;89635;São Vicente - SP - São Vicente - SP - UPA II;Comunidade Cidadã;UPA;Ministério da Saúde;Município;SP;SÃO VICENTE;--;Valor não divulgado em razão da possibilidade de uso do Regime Diferenciado de Contratação - RDC.;Ação preparatória;30 de Junho de 2017;-46.392;-23.963
